,age,study_hours_per_day,social_media_hours,netflix_hours,part_time_job,attendance_percentage,sleep_hours,diet_quality,exercise_frequency,parental_education_level,internet_quality,mental_health_rating,extracurricular_participation,exam_score
0,23,0.0,1.2,1.1,0,85.0,8.0,1,6,2,1,8,1,56.2
1,20,6.9,2.8,2.3,0,97.3,4.6,2,6,0,1,8,1,100.0
2,21,1.4,3.1,1.3,0,94.8,8.0,0,1,0,0,1,1,34.3
3,23,1.0,3.9,1.0,0,71.0,9.2,0,4,2,2,1,1,26.8
4,19,5.0,4.4,0.5,0,90.9,4.9,1,3,2,2,1,1,66.4
5,24,7.2,1.3,0.0,0,82.9,7.4,1,1,2,1,4,1,100.0
6,21,5.6,1.5,1.4,1,85.8,6.5,2,2,2,0,4,1,89.8
7,21,4.3,1.0,2.0,1,77.7,4.6,1,0,1,1,8,1,72.6
8,23,4.4,2.2,1.7,0,100.0,7.1,2,3,1,2,1,1,78.9
9,18,4.8,3.1,1.3,0,95.4,7.5,2,5,1,2,10,1,100.0
10,23,3.9,2.4,2.5,0,71.7,7.9,1,2,1,1,1,1,74.4
11,19,3.7,2.1,0.4,1,81.1,4.5,1,1,1,2,9,1,76.9
12,19,3.4,2.7,2.7,0,89.3,4.7,1,4,1,2,10,1,75.8
13,24,2.4,1.5,0.7,0,87.4,6.7,0,6,1,1,9,1,78.9
14,21,3.1,5.0,1.0,0,97.5,6.5,2,6,0,1,7,1,74.0
15,20,1.0,0.6,0.2,0,92.9,5.6,0,3,0,0,8,1,55.2
16,24,3.4,2.7,1.2,0,94.7,7.5,0,0,0,1,1,1,70.8
17,24,2.0,4.9,2.9,1,88.3,7.1,2,2,0,2,5,1,43.9
18,19,1.8,2.5,2.4,0,71.1,7.5,1,1,0,1,2,1,45.3
19,22,3.8,2.3,2.9,0,83.0,6.4,2,3,2,2,1,1,58.5
20,21,5.6,2.1,2.4,0,95.6,7.2,1,1,0,2,3,1,82.5
21,18,4.9,2.3,0.6,0,84.5,6.0,1,3,0,1,7,1,98.7
22,24,1.1,4.1,1.4,1,90.0,9.0,1,6,1,2,1,1,43.7
23,20,2.0,0.0,0.9,1,81.8,5.5,1,4,1,1,2,1,54.9
24,22,4.9,4.3,3.3,0,74.7,9.0,1,1,0,1,2,1,69.9
25,22,2.0,0.8,0.5,0,83.8,6.5,2,4,1,0,4,1,73.5
26,18,3.2,2.2,2.8,1,88.1,4.8,1,5,1,1,3,1,71.1
27,24,4.3,2.0,2.8,1,78.4,8.1,2,5,0,0,3,1,82.8
28,20,2.0,3.2,3.8,1,82.6,6.7,0,6,0,0,10,1,75.7
29,21,3.7,0.6,1.3,0,75.6,7.5,1,2,2,1,5,1,70.6
30,17,1.5,3.1,2.6,1,96.2,8.0,1,4,1,1,3,1,51.3
31,20,2.6,4.9,4.3,0,82.1,6.9,2,3,1,2,7,1,52.1
32,22,1.1,2.7,0.1,0,100.0,7.7,1,1,0,2,4,1,51.2
33,21,4.2,1.7,0.0,1,84.2,6.5,2,1,1,1,3,1,72.6
34,20,3.5,3.0,2.6,0,74.9,7.3,1,3,0,2,4,1,70.7
35,17,4.3,2.5,0.0,1,64.1,3.9,2,0,0,1,2,1,59.4
36,17,3.8,1.7,1.4,0,70.3,7.0,0,0,1,2,1,1,58.1
37,19,5.5,3.1,2.3,0,71.3,5.7,2,1,0,1,3,1,82.3
38,19,3.7,4.7,2.0,0,98.8,8.5,2,6,1,2,2,1,69.7
39,23,2.9,2.3,2.3,0,86.2,7.2,2,6,1,1,1,1,66.0
40,18,3.7,3.4,2.0,0,88.9,6.8,1,3,0,0,1,1,63.5
41,24,4.3,0.9,3.2,0,62.8,7.1,0,0,1,2,2,1,65.7
42,20,3.6,1.4,0.8,0,73.0,5.3,2,4,0,0,9,1,78.5
43,20,3.6,3.1,1.1,0,93.9,8.4,1,1,1,1,5,1,75.1
44,24,2.4,4.3,1.0,0,87.9,8.9,0,5,0,1,9,1,71.0
45,22,1.4,2.1,2.8,0,90.6,8.4,1,3,1,2,6,1,52.6
46,22,6.1,2.5,2.3,0,100.0,5.8,0,5,0,1,1,1,96.5
47,23,1.6,1.0,3.1,0,82.8,5.5,1,4,2,2,10,1,62.0
48,22,2.5,3.2,0.5,0,85.7,6.5,0,0,0,1,5,1,59.7
49,19,2.4,3.6,3.6,0,86.9,7.0,1,6,0,1,1,1,48.4
50,20,4.8,2.0,3.5,0,100.0,6.0,2,0,1,2,7,1,70.6
51,23,3.1,1.9,2.6,1,64.0,7.1,1,5,0,2,10,1,68.1
52,20,5.4,2.8,3.8,0,91.8,6.9,2,2,0,2,8,1,87.2
53,24,2.5,2.0,0.0,0,83.9,5.3,2,6,1,1,8,1,66.7
54,17,3.9,2.4,1.2,0,90.7,7.1,2,1,1,1,7,1,75.2
55,19,2.2,5.0,1.0,0,78.4,7.5,0,5,2,1,2,1,46.4
56,21,6.7,2.2,2.6,0,84.5,6.7,2,3,2,1,5,1,97.1
57,19,1.7,2.1,0.6,1,92.1,7.9,1,1,0,1,4,1,61.2
58,23,4.0,1.7,2.6,0,100.0,5.0,1,4,1,2,5,1,75.0
59,21,4.5,3.4,3.3,1,93.1,7.1,2,6,0,2,10,1,94.7
60,17,4.1,2.3,2.6,1,76.5,5.1,1,3,1,1,9,1,77.6
61,23,3.2,1.7,2.1,0,80.8,5.2,2,3,0,0,4,1,68.6
62,18,3.3,4.1,0.7,0,80.5,5.7,0,0,2,2,8,1,69.6
63,20,3.6,4.2,0.9,0,67.0,5.4,2,4,1,1,8,1,66.5
64,17,3.3,1.8,3.2,0,81.7,5.8,0,0,2,2,2,1,62.2
65,20,4.9,0.3,2.7,1,92.3,6.2,2,0,1,0,6,1,82.1
66,22,6.8,3.7,1.8,0,72.3,7.5,0,6,2,1,5,1,100.0
67,18,2.7,1.7,1.3,0,95.5,6.1,0,2,1,2,2,1,59.7
68,18,1.4,3.4,0.0,0,89.9,4.6,1,0,0,0,10,1,55.1
69,17,3.4,0.1,0.6,0,77.7,7.9,1,1,0,1,4,1,77.1
70,18,7.4,3.6,3.9,0,83.6,5.5,1,3,0,1,7,1,97.7
71,18,6.0,3.4,2.0,1,92.3,7.0,1,0,1,2,9,1,99.9
72,20,6.0,2.5,2.9,0,85.1,6.7,0,5,1,1,10,1,100.0
73,20,2.7,1.4,0.4,0,82.6,7.8,1,1,1,0,1,1,57.2
74,23,4.4,2.0,2.0,1,85.8,7.1,2,4,2,2,5,1,77.3
75,20,5.9,3.3,2.8,1,79.9,5.5,2,3,2,1,7,1,91.6
76,23,2.9,2.6,1.8,0,64.0,9.1,2,6,0,2,8,1,70.7
77,20,3.2,3.2,5.0,0,100.0,6.7,2,5,0,0,2,1,57.6
78,21,2.6,4.9,0.0,1,86.6,6.3,1,6,0,0,4,1,60.2
79,24,2.0,0.6,3.0,0,89.0,7.7,0,6,0,2,2,1,50.5
80,23,2.5,4.4,1.6,0,84.4,6.8,1,5,1,1,4,1,51.3
81,19,1.7,2.6,2.6,0,77.6,7.0,2,4,1,2,6,1,53.5
82,22,3.6,1.4,2.3,0,83.1,9.5,2,5,1,0,6,1,79.2
83,17,2.3,0.9,1.0,0,69.0,6.2,1,1,2,1,2,1,47.2
84,20,3.9,2.3,2.1,0,100.0,6.1,0,6,1,2,4,1,73.4
85,18,1.2,3.6,0.0,0,72.7,6.6,0,4,0,1,4,1,41.1
86,24,4.0,2.3,2.5,0,74.7,7.8,1,6,1,2,1,1,77.8
87,20,4.8,4.3,2.1,0,80.6,4.7,1,5,0,1,2,1,63.4
88,18,0.5,0.8,2.5,1,97.9,4.1,0,4,0,2,3,1,43.9
89,22,5.3,1.0,2.2,0,72.6,4.5,1,0,0,1,8,1,81.3
90,22,1.7,2.9,2.0,0,97.5,6.0,2,0,0,2,6,1,50.2
91,18,6.0,3.6,0.8,0,92.3,7.1,2,0,0,2,3,1,87.9
92,20,4.1,2.0,1.0,0,90.4,5.4,2,5,1,1,6,1,80.9
93,22,2.4,0.0,3.1,0,92.2,4.8,2,3,1,2,7,1,63.9
94,21,3.4,2.7,3.4,0,100.0,6.6,2,1,0,2,6,1,65.6
95,18,3.6,3.0,1.9,0,78.1,4.5,2,6,1,1,6,1,74.0
96,20,2.1,1.2,3.1,0,88.8,7.5,2,4,2,1,3,1,50.4
97,18,3.8,3.3,2.5,0,90.0,7.6,2,5,1,2,7,1,74.3
98,18,1.4,3.9,3.9,1,68.1,8.0,2,4,0,1,4,1,32.8
99,22,3.3,0.4,0.8,0,83.3,9.1,2,6,0,2,4,1,82.3
100,22,2.4,1.9,2.1,0,93.3,6.6,0,4,0,1,9,1,60.0
101,23,5.4,2.4,2.5,0,95.7,6.0,1,2,0,2,2,1,77.5
102,24,5.1,2.9,1.6,0,64.3,6.5,1,3,1,1,9,1,86.5
103,23,4.4,1.9,0.8,0,84.8,8.3,2,1,0,1,3,1,76.9
104,24,1.9,1.7,2.8,0,96.2,4.9,1,1,1,0,6,1,43.9
105,22,3.0,2.5,2.6,0,83.1,5.5,1,0,1,1,4,1,51.3
106,23,5.3,1.2,0.8,0,92.3,8.2,1,2,0,1,1,1,83.3
107,24,3.8,3.3,1.9,0,72.8,6.9,0,3,1,2,2,1,58.3
108,21,3.0,3.1,2.4,1,73.8,8.3,1,4,0,1,7,1,66.3
109,24,3.7,0.4,0.9,0,92.1,6.6,1,6,1,1,6,1,87.9
110,21,3.3,1.7,1.8,0,85.2,7.7,0,0,0,2,2,1,60.5
111,18,4.6,3.9,0.0,0,83.6,9.7,0,3,0,2,2,1,84.8
112,23,4.9,1.3,2.8,0,80.8,7.2,2,1,1,1,4,1,77.0
113,21,2.3,1.9,0.1,0,81.9,6.6,1,2,1,1,4,1,61.7
114,24,1.5,3.1,3.5,0,95.5,7.4,1,0,0,1,3,1,44.0
115,18,0.7,3.4,1.4,1,81.6,6.1,0,1,0,0,8,1,42.4
116,17,4.3,2.2,1.6,0,71.6,9.4,2,5,1,2,7,1,88.0
117,20,1.8,1.8,1.1,0,92.4,6.7,2,0,0,2,2,1,48.7
118,20,0.3,4.2,1.5,0,83.0,6.2,2,1,0,1,3,1,26.8
119,20,4.1,4.6,3.4,0,85.3,5.5,0,5,1,2,10,1,81.6
120,21,7.2,3.7,0.0,0,100.0,7.8,2,6,0,2,9,1,100.0
121,17,3.5,2.6,3.2,1,84.8,7.5,1,5,1,1,5,1,74.0
122,21,4.8,1.5,2.2,0,87.9,5.9,1,4,1,0,2,1,78.4
123,23,3.6,1.5,0.5,0,73.2,7.2,1,2,1,2,3,1,70.7
124,21,3.4,3.1,0.6,0,82.8,4.7,1,4,1,2,8,1,74.3
125,17,4.9,3.0,3.6,0,91.1,6.7,2,1,1,2,4,1,67.6
126,17,3.1,4.2,0.8,0,69.4,7.0,2,6,1,0,2,1,64.7
127,23,3.9,3.3,0.5,0,87.0,8.5,1,3,2,1,2,1,64.1
128,17,4.0,0.7,3.1,0,86.0,5.6,2,6,0,0,6,1,83.5
129,24,2.5,3.8,2.2,0,85.4,5.0,2,6,0,2,8,1,63.4
130,17,5.0,1.3,0.8,0,95.4,5.4,2,6,1,2,7,1,96.2
131,20,3.2,2.0,2.0,0,88.3,4.9,1,4,1,0,4,1,65.4
132,24,4.3,4.9,3.0,0,75.1,8.4,1,5,2,2,9,1,74.0
133,19,3.5,3.2,2.4,0,85.8,8.0,0,2,1,2,9,1,75.5
134,19,3.5,2.3,2.2,0,74.3,6.7,1,3,1,0,5,1,78.1
135,17,5.1,3.1,3.7,0,94.6,6.4,1,1,2,2,7,1,85.2
136,19,3.5,2.1,0.5,1,84.8,6.1,2,4,1,1,2,1,64.2
137,19,4.7,4.7,2.3,0,90.1,4.6,2,1,0,2,6,1,69.7
138,17,5.6,2.8,4.1,0,85.8,6.8,2,4,0,2,7,1,90.3
139,21,3.5,3.3,1.4,0,66.8,7.4,1,1,1,2,3,1,65.0
140,18,1.5,3.0,2.3,0,77.9,6.6,1,3,0,2,10,1,57.3
141,23,1.9,3.5,1.7,1,71.1,6.3,1,0,0,2,8,1,57.7
142,18,3.0,1.8,0.7,0,100.0,5.5,0,4,1,0,3,1,56.7
143,17,2.6,1.8,3.0,0,83.8,6.6,1,4,1,2,5,1,62.3
144,20,3.2,1.2,4.4,0,81.5,7.4,2,3,1,1,9,1,77.9
145,23,3.6,3.0,2.0,0,93.9,5.1,1,0,2,1,5,1,65.2
146,17,4.3,3.4,0.8,0,73.8,6.6,2,6,0,1,7,1,76.8
147,24,3.4,3.0,0.1,0,77.3,6.8,1,5,2,1,7,1,83.8
148,20,4.2,4.5,2.1,0,85.7,5.6,0,2,2,2,5,1,70.6
149,18,3.6,2.5,3.0,0,95.3,5.8,0,3,0,1,2,1,63.1
150,17,0.5,3.3,2.3,0,90.0,6.8,1,4,0,2,5,1,39.0
151,24,2.1,1.2,1.8,0,87.5,5.1,1,1,0,1,7,1,66.7
152,23,3.3,2.0,1.2,1,85.8,6.9,0,0,0,2,7,1,72.2
153,23,1.7,3.3,0.6,0,89.0,5.4,1,5,1,2,4,1,50.1
154,22,4.4,3.5,2.7,1,87.0,7.8,1,2,1,2,1,1,62.4
155,24,5.8,2.1,2.8,0,74.7,9.3,1,1,1,2,6,1,96.6
156,21,5.3,2.4,0.1,0,85.5,5.5,2,0,1,2,3,1,85.8
157,19,3.2,0.7,3.5,0,74.3,7.1,2,5,0,2,5,1,68.3
158,20,5.7,2.1,2.4,0,85.8,5.6,1,3,2,2,4,1,83.8
159,24,3.7,3.6,3.3,1,80.2,7.7,2,5,0,0,2,1,69.3
160,22,3.0,3.2,0.3,0,100.0,5.0,2,3,2,2,7,1,65.3
161,19,2.6,3.1,0.3,0,84.6,7.1,2,6,0,1,5,1,77.5
162,19,3.0,2.6,1.6,0,71.0,5.5,1,0,2,1,7,1,55.0
163,19,3.8,1.7,3.8,0,90.2,5.3,2,2,0,1,4,1,58.1
164,23,3.5,3.0,1.5,1,79.1,5.5,2,0,1,1,9,1,67.4
165,22,4.2,3.1,0.7,0,69.2,7.2,2,1,2,0,10,1,79.9
166,19,5.3,1.9,3.2,0,93.2,6.1,1,1,0,1,4,1,85.7
167,17,4.9,0.0,0.7,0,71.2,6.4,1,5,2,0,5,1,96.2
168,21,1.3,3.8,3.6,1,80.6,6.7,1,5,1,2,5,1,40.4
169,18,0.0,1.9,1.5,0,82.4,5.6,1,3,1,1,8,1,55.2
170,23,4.9,1.5,3.5,0,84.3,6.8,1,0,1,1,4,1,73.8
171,23,1.4,3.3,2.5,0,91.9,8.3,1,3,0,0,4,1,46.5
172,22,3.2,2.0,1.6,0,78.2,5.6,1,2,0,1,7,1,60.5
173,23,1.7,3.8,1.2,0,82.3,7.9,0,6,2,2,5,1,55.4
174,19,0.8,3.2,1.4,0,84.9,8.3,2,1,2,1,6,1,45.1
175,17,4.3,3.3,2.3,0,86.5,5.5,0,4,2,2,6,1,69.4
176,23,4.6,0.9,1.9,0,86.0,4.8,2,4,2,2,6,1,81.3
177,23,2.6,4.0,1.1,0,89.4,6.9,2,0,0,2,10,1,66.6
178,18,0.0,2.8,1.6,0,93.4,5.8,1,0,1,2,5,1,26.7
179,18,2.7,2.1,1.9,0,88.9,8.7,2,4,0,0,5,1,64.5
180,20,4.1,2.7,0.0,0,89.5,6.5,1,0,2,1,9,1,87.1
181,21,1.3,0.4,2.3,1,69.2,5.5,2,1,0,2,8,1,42.2
182,19,3.8,3.0,0.7,0,85.5,5.1,1,2,1,2,4,1,61.6
183,23,3.5,1.3,0.5,0,89.8,7.8,1,2,1,2,7,1,81.9
184,24,4.4,0.9,0.0,0,92.3,5.8,1,3,0,2,8,1,96.5
185,17,2.0,3.8,0.3,0,78.4,7.6,1,6,2,0,5,1,58.5
186,20,5.3,1.7,1.0,0,79.3,5.9,1,0,1,2,3,1,78.4
187,21,3.3,4.3,3.9,0,90.4,6.4,1,0,0,2,4,1,56.4
188,24,3.5,1.9,1.2,0,95.3,6.5,0,6,1,1,10,1,92.6
189,20,2.1,0.5,2.0,0,80.9,7.3,0,3,1,2,6,1,62.3
190,22,2.8,1.2,2.2,1,94.1,7.2,1,3,0,1,10,1,75.8
191,21,2.2,4.0,1.9,0,86.2,6.2,0,0,0,1,5,1,47.1
192,23,3.2,2.3,1.7,1,83.8,6.6,0,0,2,2,9,1,66.3
193,23,6.1,1.8,0.5,0,82.9,6.1,2,6,1,2,3,1,98.3
194,21,1.4,2.7,3.4,0,92.5,4.7,0,1,1,1,2,1,29.7
195,23,1.1,3.1,3.8,0,88.3,6.8,2,6,1,0,6,1,45.5
196,21,3.2,4.2,0.7,0,76.5,5.4,2,6,0,2,5,1,67.5
197,20,2.5,2.1,1.5,0,90.2,5.6,1,6,0,1,1,1,60.3
198,21,5.1,0.9,0.7,0,79.7,5.5,1,6,0,2,3,1,87.0
199,24,2.6,2.0,2.4,0,76.3,7.4,1,1,1,2,3,1,48.5
200,23,6.2,2.8,1.0,0,84.9,7.0,1,5,2,2,4,1,100.0
201,19,4.5,1.3,4.2,0,86.4,6.3,1,0,0,1,10,1,82.1
202,19,2.8,1.4,3.1,0,100.0,5.4,0,4,0,2,6,1,63.7
203,22,6.7,2.9,2.0,0,83.2,6.6,2,6,1,1,5,1,100.0
204,20,2.6,2.4,2.9,0,73.7,4.6,1,4,2,1,1,1,41.9
205,18,4.6,2.5,3.0,0,87.7,6.7,1,5,1,0,6,1,72.7
206,18,3.9,1.6,1.2,0,64.3,7.5,2,0,2,1,9,1,74.3
207,21,5.5,2.2,0.9,1,84.1,5.0,1,3,1,2,1,1,88.7
208,22,5.8,1.4,1.9,0,85.2,4.7,2,4,1,1,8,1,96.6
209,17,3.5,3.6,2.7,0,92.9,8.4,1,3,0,1,8,1,72.6
210,21,2.4,3.7,2.0,0,94.7,5.8,2,4,0,2,3,1,52.4
211,22,4.2,0.3,0.1,0,80.0,7.9,0,3,0,0,9,1,100.0
212,20,2.5,1.4,0.9,0,83.5,6.3,2,6,1,2,8,1,73.1
213,20,6.5,0.7,1.7,0,77.3,6.3,2,4,2,1,3,1,100.0
214,20,3.7,1.7,1.7,0,73.7,7.0,1,3,2,0,10,1,80.8
215,20,3.0,2.4,4.0,0,88.1,5.4,0,5,0,2,5,1,62.9
216,20,3.8,0.8,0.3,0,72.3,6.7,1,1,0,0,3,1,71.5
217,22,1.5,1.4,2.4,0,80.9,6.0,2,3,0,2,5,1,46.2
218,22,2.0,1.3,3.4,1,75.0,4.9,1,1,0,1,9,1,53.8
219,19,5.3,2.7,4.3,0,90.5,6.9,1,1,1,0,4,1,74.2
220,24,2.5,2.6,1.4,0,100.0,6.2,0,0,2,0,6,1,52.5
221,18,1.9,1.6,2.3,0,72.0,6.3,1,6,2,0,3,1,51.2
222,23,4.3,2.7,2.4,1,66.5,5.0,1,5,1,0,3,1,60.6
223,20,5.3,1.8,2.0,0,83.8,8.4,2,1,1,2,5,1,91.5
224,17,4.6,2.2,1.7,0,85.2,7.6,1,2,1,1,8,1,87.3
225,23,5.0,4.5,2.3,0,87.2,7.7,2,6,0,1,8,1,98.0
226,22,2.4,4.1,0.0,0,80.5,6.1,1,1,1,1,3,1,47.9
227,17,1.4,0.9,2.6,1,83.0,4.4,0,3,1,2,8,1,51.0
228,17,5.8,3.5,1.9,0,88.7,8.8,1,1,1,2,8,1,90.0
229,17,3.0,3.5,1.6,0,95.4,6.4,1,3,0,2,3,1,54.1
230,19,3.1,1.1,4.1,0,65.4,5.6,2,3,0,2,10,1,58.4
231,22,5.5,3.5,1.1,1,81.3,7.0,2,2,0,1,10,1,100.0
232,17,4.3,4.3,1.4,0,87.1,7.9,1,1,2,1,2,1,65.2
233,20,4.2,1.2,4.0,0,75.8,6.5,1,1,0,2,10,1,85.3
234,21,6.7,1.4,0.9,0,100.0,8.0,1,4,1,2,2,1,93.8
235,17,2.5,3.7,1.2,1,78.6,7.8,2,6,1,1,9,1,78.8
236,19,4.9,2.8,1.6,0,84.6,5.2,2,4,0,1,7,1,85.0
237,23,3.6,3.2,2.7,0,90.6,5.7,2,0,1,2,6,1,64.5
238,22,3.9,2.9,2.0,0,79.1,7.6,1,3,2,2,7,1,71.0
239,24,5.8,3.0,0.4,0,66.5,3.2,1,2,0,1,8,1,90.8
240,19,4.3,0.9,1.2,0,80.7,6.3,1,4,2,2,1,1,72.6
241,17,4.3,3.8,1.1,0,95.3,4.8,1,1,0,1,8,1,70.9
242,21,3.0,2.2,2.3,0,76.5,6.1,0,2,2,1,3,1,49.1
243,17,2.2,2.4,2.3,1,94.3,6.1,0,5,1,1,6,1,62.7
244,19,1.9,0.7,0.0,0,81.7,5.8,2,1,2,0,4,1,51.5
245,18,0.6,3.1,3.0,0,79.9,5.2,2,1,1,2,4,1,18.4
246,20,6.6,3.2,2.1,0,86.5,9.3,1,5,2,1,4,1,100.0
247,24,1.8,2.4,3.3,1,92.7,8.7,1,3,1,2,10,1,53.3
248,23,3.2,3.8,2.3,0,100.0,5.1,1,3,1,0,9,1,76.1
249,19,3.1,2.1,3.0,0,93.3,8.4,2,4,1,1,8,1,85.6
250,22,4.0,3.2,2.3,1,96.6,6.0,2,4,0,2,3,1,63.0
251,24,4.7,1.3,3.3,1,79.9,6.7,2,1,2,2,1,1,73.6
252,24,4.8,2.5,2.4,1,74.7,6.4,2,6,0,2,1,1,76.2
253,24,2.6,2.3,1.7,0,85.6,5.7,1,1,1,2,1,1,45.5
254,17,3.2,2.8,4.3,0,86.1,7.7,1,4,0,1,4,1,58.6
255,20,3.9,2.1,2.8,0,74.2,6.7,1,5,1,1,6,1,77.8
256,17,3.1,2.3,2.4,1,83.2,5.9,1,4,0,2,4,1,61.5
257,17,4.2,2.0,0.4,0,88.6,5.4,1,2,2,2,8,1,93.9
258,18,4.6,0.6,2.1,0,90.0,4.5,0,1,0,2,8,1,85.9
259,20,4.5,4.6,2.0,0,87.9,6.5,1,2,1,2,6,1,73.8
260,20,5.3,4.2,1.1,1,79.9,5.1,2,2,0,1,9,1,83.3
261,23,1.6,3.3,3.5,1,73.0,8.1,2,6,0,2,1,1,47.1
262,18,4.1,1.9,2.6,0,100.0,7.9,1,6,1,2,8,1,91.9
263,17,2.7,2.9,1.7,0,82.8,6.4,1,4,2,1,1,1,46.6
264,21,4.4,2.2,0.9,0,75.7,8.8,2,6,0,0,4,1,84.2
265,17,5.4,1.6,1.4,0,100.0,7.1,1,3,0,1,5,1,95.5
266,24,3.5,1.7,1.3,0,74.3,6.1,2,1,0,2,7,1,73.5
267,19,6.1,1.5,0.4,0,89.2,7.0,0,1,1,1,9,1,100.0
268,17,3.9,2.4,1.7,1,91.0,7.5,2,4,2,1,6,1,74.2
269,18,7.4,1.6,1.2,0,94.6,5.7,1,5,1,2,10,1,100.0
270,18,4.3,3.3,0.0,0,100.0,6.8,1,6,0,1,9,1,94.9
271,20,0.9,4.3,4.1,0,90.1,6.1,2,6,0,1,4,1,27.6
272,22,4.6,1.8,3.0,0,74.4,6.3,1,6,0,1,8,1,86.2
273,23,4.1,2.8,1.4,0,82.4,3.5,2,2,2,1,3,1,60.1
274,21,5.4,3.1,1.8,0,88.1,6.2,0,3,0,1,4,1,91.3
275,24,4.5,3.1,0.5,0,100.0,7.7,1,3,1,1,10,1,93.8
276,17,3.3,2.6,3.7,0,71.0,5.7,0,6,0,2,4,1,61.6
277,17,1.7,3.4,3.9,1,97.0,6.6,2,3,0,1,6,1,41.7
278,19,3.2,3.1,2.0,0,86.8,5.6,1,5,0,0,9,1,74.5
279,18,2.6,3.5,2.0,0,84.0,6.2,2,0,1,1,1,1,39.6
280,21,4.4,3.6,0.3,0,76.6,5.4,1,2,0,2,5,1,87.5
281,20,6.0,1.6,1.3,0,92.5,8.1,1,5,1,1,9,1,100.0
282,24,1.7,3.3,1.3,0,94.7,5.8,1,6,2,2,6,1,61.5
283,22,4.2,2.2,1.6,0,84.9,7.1,1,5,0,2,3,1,73.3
284,24,5.3,3.8,1.7,0,79.0,7.1,2,6,2,1,8,1,96.3
285,23,2.6,5.3,1.7,1,69.4,7.3,2,5,1,1,10,1,67.0
286,20,3.3,1.6,1.9,0,93.2,4.5,2,6,2,1,4,1,70.1
287,23,3.5,0.8,0.6,0,89.2,7.7,2,0,0,2,4,1,84.2
288,19,2.3,2.9,1.0,0,75.3,5.8,2,2,1,2,5,1,48.9
289,24,4.5,3.4,0.4,0,79.6,6.1,1,5,0,0,10,1,98.8
290,19,3.3,2.2,2.9,1,80.3,9.7,2,0,0,0,9,1,76.1
291,17,4.1,4.2,0.0,0,70.2,6.9,2,1,0,1,8,1,80.4
292,23,2.2,0.9,3.1,0,76.8,6.0,1,6,0,0,7,1,64.1
293,22,2.8,3.3,3.3,0,73.7,3.9,2,4,2,1,5,1,59.4
294,21,2.9,4.6,0.0,1,77.6,4.9,2,3,1,2,9,1,67.8
295,20,6.1,4.9,1.4,0,68.7,5.3,2,0,1,2,10,1,96.1
296,18,2.9,1.6,1.7,0,100.0,6.1,2,0,1,2,10,1,70.2
297,22,3.8,1.8,0.7,0,97.5,8.2,1,5,1,1,2,1,84.2
298,22,4.9,3.5,1.2,0,77.2,7.4,2,0,0,2,4,1,75.4
299,19,1.4,2.0,3.5,0,87.7,6.3,1,1,1,2,8,1,41.7
300,23,0.9,2.4,2.5,0,89.2,6.9,1,0,0,0,1,1,23.1
301,24,1.2,2.5,0.8,1,96.9,5.8,2,4,2,2,5,1,50.3
302,24,5.4,0.2,0.0,0,76.8,6.7,1,4,1,1,8,1,100.0
303,17,2.7,2.5,1.4,0,95.9,6.6,2,6,2,1,2,1,52.2
304,20,2.7,1.9,2.3,0,71.6,7.7,1,3,0,0,8,1,71.2
305,19,3.8,4.2,1.2,0,92.2,7.1,2,1,0,2,10,1,72.3
306,24,6.5,3.5,3.9,0,100.0,7.4,0,5,0,1,7,1,100.0
307,21,6.6,2.2,2.7,0,73.0,6.4,2,2,1,0,8,1,100.0
308,19,5.3,2.2,1.7,0,92.0,5.2,1,2,0,2,5,1,93.1
309,20,5.0,3.4,1.6,1,80.9,6.0,2,2,1,1,1,1,67.7
310,20,4.4,2.9,1.4,0,92.8,6.6,1,6,2,2,4,1,77.9
311,19,4.7,3.2,3.1,1,70.3,7.6,1,5,1,2,2,1,80.3
312,20,2.7,3.7,1.1,0,72.4,6.3,1,0,0,1,3,1,44.3
313,19,2.3,2.1,1.8,0,77.2,5.0,1,5,0,1,3,1,54.7
314,18,3.5,1.8,1.9,0,85.8,6.6,1,0,0,2,9,1,85.0
315,19,3.2,1.2,1.2,0,78.6,6.6,1,2,0,0,10,1,81.7
316,23,2.8,1.5,0.3,0,91.6,6.7,1,3,1,0,4,1,71.6
317,19,4.5,6.0,2.2,1,95.3,7.6,0,3,0,2,2,1,73.7
318,20,4.9,4.0,1.7,0,91.0,7.7,1,0,2,1,3,1,77.0
319,24,3.6,0.9,2.4,0,100.0,5.8,0,2,1,1,3,1,72.3
320,23,5.7,0.9,1.2,0,89.2,5.8,0,5,1,1,7,1,100.0
321,20,1.8,3.1,3.1,0,72.8,5.3,2,3,0,1,8,1,54.0
322,17,3.2,3.2,0.8,0,98.6,7.3,2,0,0,2,6,1,70.4
323,17,2.4,3.2,3.7,0,78.9,8.2,2,5,1,2,4,1,47.0
324,24,0.7,2.2,0.0,0,94.1,6.1,1,2,0,2,6,1,48.7
325,24,3.4,2.3,2.3,0,100.0,6.2,2,1,0,2,1,1,47.6
326,23,3.3,2.9,2.3,1,89.6,8.3,2,2,0,1,10,1,81.1
327,18,5.8,2.6,0.9,1,70.0,7.1,2,6,0,1,8,1,100.0
328,24,4.4,0.0,2.3,0,75.8,7.0,1,2,1,1,1,1,81.9
329,17,2.0,2.2,3.2,0,98.2,5.1,2,5,0,1,5,1,56.3
330,19,6.3,1.5,0.0,0,83.3,7.3,2,5,1,2,2,1,100.0
331,20,5.3,2.7,2.4,1,85.8,5.4,2,4,0,2,6,1,81.0
332,17,4.4,6.1,0.0,0,92.6,5.1,0,4,1,1,9,1,84.9
333,17,3.2,2.9,0.7,0,92.0,6.1,1,5,2,0,5,1,67.9
334,18,2.1,2.1,3.6,0,87.8,5.8,1,5,2,0,4,1,56.9
335,23,2.9,3.6,1.2,0,82.9,6.2,1,1,0,1,2,1,45.9
336,22,6.3,3.0,1.6,0,93.6,7.7,0,2,0,1,6,1,94.8
337,18,5.8,3.2,4.1,0,90.5,7.9,0,6,1,2,8,1,99.3
338,19,2.8,5.0,0.0,1,82.4,4.2,1,3,1,2,8,1,71.0
339,23,1.8,1.1,0.6,1,95.8,7.7,0,6,1,1,5,1,70.9
340,20,3.7,3.1,3.4,1,83.7,5.5,1,1,0,1,5,1,59.8
341,24,0.8,1.4,3.8,1,76.5,7.5,2,2,1,1,10,1,36.0
342,18,4.0,3.2,1.7,0,77.4,6.4,1,6,0,2,3,1,68.4
343,24,3.3,1.4,0.4,0,75.2,6.5,0,0,1,2,7,1,72.9
344,17,2.8,2.0,4.1,1,82.3,6.3,1,4,0,2,6,1,57.3
345,20,1.1,2.1,3.6,1,97.3,8.0,1,6,1,1,1,1,50.3
346,17,2.7,3.6,0.9,0,86.9,7.2,2,2,0,0,6,1,67.9
347,18,1.7,1.0,1.7,0,78.4,7.8,2,6,1,2,6,1,63.6
348,17,0.0,2.6,1.6,0,82.4,7.4,2,5,0,1,3,1,32.9
349,24,3.5,1.6,2.2,0,69.9,9.3,2,0,1,1,6,1,67.7
350,22,6.2,1.0,3.4,0,82.8,5.9,0,4,1,2,10,1,100.0
351,20,6.0,2.2,2.8,1,83.1,7.6,2,0,1,1,6,1,96.8
352,21,2.8,2.1,0.6,0,90.4,6.4,2,2,0,0,9,1,71.0
353,21,2.6,5.4,3.3,0,87.2,8.0,2,1,0,0,9,1,59.8
354,24,4.2,3.0,2.1,0,73.0,6.5,0,4,1,0,2,1,64.2
355,19,2.0,0.8,2.6,0,95.8,6.0,2,0,0,0,4,1,45.2
356,23,4.0,1.8,3.4,0,87.1,8.1,2,1,1,0,9,1,82.9
357,17,4.6,3.7,0.6,0,87.0,5.9,2,3,0,1,4,1,73.2
358,17,5.3,5.0,1.8,0,84.9,4.8,0,2,0,1,8,1,79.6
359,19,3.3,0.6,1.2,1,79.8,5.9,2,2,0,2,10,1,73.0
360,24,2.2,4.7,2.2,0,89.8,8.2,2,0,0,0,3,1,45.2
361,24,2.3,3.0,4.6,0,67.5,6.6,1,3,1,1,9,1,51.8
362,19,3.2,1.5,0.0,0,79.6,8.1,2,5,1,2,10,1,92.0
363,20,4.1,3.1,1.8,0,82.5,4.9,1,4,0,2,8,1,77.8
364,24,4.9,0.0,2.5,1,87.6,6.0,1,5,2,1,1,1,97.2
365,22,2.3,2.5,1.9,1,96.9,6.2,1,4,1,2,10,1,71.9
366,24,5.7,2.9,1.7,0,77.3,6.4,2,0,2,2,2,1,69.1
367,17,3.1,3.6,0.4,0,80.0,6.6,0,3,1,2,3,1,59.6
368,24,3.5,1.3,2.1,0,79.9,7.3,1,0,1,2,2,1,60.4
369,19,0.0,1.4,0.0,0,81.5,6.7,2,5,0,2,8,1,50.1
370,24,4.6,1.4,2.9,1,74.5,5.4,2,6,1,1,7,1,85.6
371,20,3.1,2.0,1.9,0,89.3,6.4,2,2,0,2,10,1,65.4
372,22,3.6,1.3,2.1,0,68.0,6.3,0,2,1,2,10,1,82.4
373,24,4.3,3.3,3.0,0,79.4,6.3,1,5,0,0,6,1,67.3
374,20,1.2,3.5,2.0,0,81.7,6.5,0,4,1,2,1,1,34.3
375,22,2.7,2.2,2.8,0,100.0,6.6,1,2,0,1,3,1,53.0
376,19,4.7,2.5,1.5,0,82.3,6.0,1,6,0,1,1,1,78.0
377,24,1.6,0.8,3.2,1,63.0,8.0,2,3,0,2,10,1,58.2
378,22,3.9,2.1,2.2,0,65.0,5.1,2,2,0,1,9,1,73.7
379,17,1.5,2.4,2.0,1,85.3,5.6,0,3,0,1,9,1,60.3
380,19,4.2,5.6,0.4,0,91.1,9.8,0,0,1,0,5,1,78.7
381,21,1.1,4.3,0.9,0,86.7,4.9,1,3,0,1,9,1,49.9
382,18,5.2,3.7,1.1,0,96.6,7.4,1,2,1,1,9,1,100.0
383,22,2.3,4.6,0.6,0,93.9,6.2,2,6,2,2,5,1,58.7
384,18,3.8,2.9,4.1,1,68.7,9.1,1,4,2,2,3,1,70.8
385,22,2.0,2.4,3.9,0,66.9,4.1,1,3,0,2,2,1,29.5
386,19,3.6,4.0,0.5,0,82.3,4.7,2,1,0,0,1,1,53.2
387,24,4.1,3.8,1.9,1,84.5,7.6,1,1,1,0,10,1,73.0
388,21,4.5,1.7,0.4,0,86.1,7.8,0,4,1,0,2,1,71.1
389,17,3.8,0.9,1.0,0,85.6,5.9,2,5,1,2,8,1,80.9
390,20,2.9,2.3,0.8,1,75.7,7.3,1,5,1,2,8,1,75.1
391,17,2.3,1.5,3.2,0,83.1,8.2,2,1,0,1,3,1,52.4
392,20,3.6,2.4,1.4,0,70.0,8.6,1,2,1,1,7,1,67.6
393,17,1.9,4.0,3.0,0,98.6,6.2,0,0,1,1,7,1,35.7
394,22,0.0,2.0,2.5,0,82.0,3.7,0,4,1,1,2,1,29.9
395,21,4.2,2.4,4.3,0,80.1,5.5,1,0,2,2,9,1,70.7
396,24,4.9,2.6,0.2,0,100.0,6.0,2,1,1,1,3,1,89.3
397,20,0.0,3.5,3.2,0,72.6,6.2,1,3,0,2,2,1,26.2
398,24,2.0,0.0,3.1,0,73.7,6.3,2,6,0,1,3,1,58.3
399,24,4.4,1.8,0.7,0,74.0,7.8,2,4,0,2,2,1,78.4
400,23,3.5,3.9,2.2,0,89.3,6.3,1,2,2,1,5,1,66.8
401,19,2.4,1.9,1.5,0,92.4,7.8,2,6,0,2,3,1,63.8
402,17,3.2,0.2,0.9,0,100.0,6.9,1,4,1,2,5,1,76.1
403,24,5.6,3.2,1.0,0,62.5,6.6,1,4,1,1,8,1,82.7
404,24,2.3,1.1,1.8,1,79.4,6.6,1,3,2,2,6,1,66.8
405,20,2.8,1.8,2.7,0,79.1,9.0,0,4,2,1,1,1,64.9
406,19,2.1,2.3,0.9,0,78.8,4.8,2,3,1,0,10,1,63.1
407,19,3.7,1.8,0.9,1,75.9,5.9,1,1,0,1,1,1,56.3
408,22,5.9,0.0,3.0,0,100.0,6.3,1,2,0,2,1,1,93.6
409,23,4.0,3.6,0.3,0,93.4,7.0,2,6,0,2,10,1,91.9
410,22,3.1,4.0,1.3,0,85.2,8.0,1,6,0,2,8,1,74.0
411,22,3.1,3.3,1.8,0,98.5,6.5,1,2,1,1,8,1,62.7
412,22,1.2,1.1,1.9,0,69.9,4.8,0,4,2,0,7,1,58.6
413,22,4.8,2.3,1.6,1,71.7,7.5,2,4,1,2,6,1,89.3
414,22,3.4,2.5,2.2,0,63.2,7.4,0,1,2,2,4,1,63.4
415,21,3.2,3.2,2.6,1,78.0,4.2,1,5,1,0,1,1,46.7
416,19,8.3,3.3,2.6,1,86.6,6.5,1,5,0,1,9,1,100.0
417,22,3.9,1.6,0.7,1,86.0,4.6,2,5,2,0,1,1,68.7
418,24,2.4,2.6,1.5,0,86.5,5.7,2,3,0,2,4,1,58.9
419,19,2.9,3.0,3.1,0,70.9,5.4,2,5,2,2,3,1,59.0
420,19,5.2,4.2,2.8,1,93.0,7.5,0,2,0,2,7,1,77.9
421,18,3.7,3.3,0.3,1,87.4,6.6,1,6,0,2,5,1,72.3
422,21,1.3,3.4,2.2,0,92.3,5.0,1,6,2,0,5,1,49.7
423,22,4.9,2.6,0.0,1,66.1,7.6,0,3,1,2,4,1,80.9
424,17,2.5,4.2,1.9,1,88.1,4.8,1,1,2,2,1,1,44.5
425,20,6.3,3.0,3.9,1,73.1,6.9,1,2,2,1,5,1,85.3
426,24,2.8,4.2,0.9,0,90.3,6.1,2,2,1,1,10,1,59.7
427,17,5.4,3.3,2.6,0,85.9,7.1,1,6,0,2,8,1,98.1
428,21,3.6,2.0,0.1,0,76.5,7.1,2,0,1,2,2,1,66.8
429,20,4.8,1.9,1.1,0,85.1,8.1,1,1,1,2,8,1,96.1
430,21,4.2,2.9,2.5,0,69.7,6.4,1,1,0,2,1,1,60.4
431,24,2.2,3.1,1.1,0,96.5,6.9,1,0,1,0,4,1,33.8
432,19,2.5,2.7,1.5,0,82.9,6.0,0,3,1,1,3,1,56.1
433,20,5.0,2.9,2.6,0,96.2,6.7,0,6,0,1,5,1,80.6
434,19,3.0,4.5,2.3,1,79.7,7.0,1,6,1,2,5,1,52.6
435,24,2.9,3.8,2.1,0,79.8,6.4,2,6,1,2,5,1,52.1
436,17,2.1,2.7,1.4,0,77.4,4.3,2,5,2,2,4,1,39.9
437,24,4.1,3.6,2.2,0,93.8,6.9,0,5,0,0,8,1,84.0
438,17,6.6,1.3,1.7,0,77.9,6.9,2,5,0,2,3,1,97.7
439,20,1.9,3.0,2.3,0,91.4,5.7,2,5,1,2,4,1,43.3
440,22,5.6,2.2,1.6,0,65.2,8.3,2,0,2,0,7,1,84.6
441,22,4.2,1.7,1.8,0,73.2,6.2,1,3,1,0,2,1,76.0
442,21,1.9,1.2,0.9,0,85.3,5.1,1,2,1,2,7,1,56.9
443,22,4.1,1.6,0.6,0,73.1,5.5,1,5,0,2,1,1,77.5
444,20,5.0,0.8,2.0,0,84.1,6.7,1,6,1,1,6,1,94.6
445,17,5.3,2.5,2.7,1,83.2,5.8,2,3,1,1,6,1,93.4
446,21,7.4,3.6,1.3,0,91.6,7.1,2,3,0,2,6,1,100.0
447,24,4.4,1.4,2.2,0,94.6,5.5,2,3,2,2,2,1,63.6
448,21,4.0,4.3,2.4,0,84.8,8.3,2,0,0,2,2,1,53.0
449,17,3.8,3.1,2.3,0,77.3,8.1,2,2,0,2,6,1,67.8
450,22,3.0,3.7,0.9,0,67.3,5.9,0,5,1,1,10,1,73.9
451,21,4.0,1.7,2.0,0,78.1,5.7,1,3,0,2,5,1,66.5
452,23,3.1,3.5,2.2,0,78.8,3.4,1,0,2,2,7,1,49.9
453,19,3.8,1.2,1.8,0,86.1,4.7,2,6,0,1,7,1,73.9
454,17,2.0,2.7,2.0,0,91.9,6.7,2,6,0,1,8,1,71.7
455,20,5.2,3.2,4.2,1,78.9,6.1,0,0,1,0,10,1,83.3
456,23,5.5,1.1,1.4,0,84.4,4.9,1,0,1,2,6,1,84.5
457,21,3.3,1.4,1.0,0,96.8,6.2,2,0,1,0,5,1,74.9
458,24,2.6,1.4,2.1,1,84.4,7.1,1,0,0,1,7,1,63.0
459,23,5.4,3.1,3.1,0,79.0,4.2,1,1,1,2,4,1,77.9
460,24,2.0,3.5,2.6,0,76.5,4.8,2,6,2,2,5,1,53.2
461,24,4.8,3.2,1.6,0,92.6,7.4,1,4,1,0,1,1,76.6
462,18,4.3,3.3,2.2,0,82.8,5.4,0,6,0,1,3,1,64.6
463,17,3.1,1.7,2.9,1,71.5,5.6,2,0,1,1,3,1,51.1
464,18,2.9,3.2,2.8,0,100.0,5.9,1,5,0,1,2,1,63.0
465,22,2.1,1.9,2.7,1,70.9,6.9,2,3,0,2,6,1,62.5
466,18,5.9,1.3,1.7,0,80.6,6.2,1,5,0,2,1,1,87.1
467,19,3.0,0.1,1.9,0,86.1,7.7,2,6,0,0,6,1,82.5
468,24,5.3,2.9,1.9,0,100.0,5.2,2,3,1,0,5,1,80.9
469,22,5.8,0.6,1.6,0,73.9,5.8,1,6,1,2,6,1,100.0
470,24,5.0,2.6,3.1,0,94.8,4.7,0,0,1,2,5,1,79.6
471,18,2.9,2.2,1.7,1,99.0,5.3,2,2,1,1,7,1,71.2
472,24,4.1,3.3,0.6,1,78.7,5.1,2,2,1,2,1,1,62.7
473,23,3.5,2.1,1.4,0,82.2,7.7,1,1,0,2,3,1,64.2
474,22,2.1,2.1,2.0,0,74.6,5.7,1,0,0,2,6,1,44.1
475,23,4.0,3.4,3.2,0,83.0,6.6,2,5,0,1,1,1,61.7
476,18,1.7,2.9,2.5,0,84.6,6.0,2,0,1,1,7,1,39.9
477,23,5.3,2.9,0.9,0,91.6,5.0,2,4,0,0,4,1,84.1
478,18,3.8,0.7,2.1,0,77.5,7.2,2,5,1,2,10,1,81.8
479,18,3.9,3.4,3.2,0,65.3,5.1,1,6,0,1,9,1,77.0
480,18,3.1,3.2,1.6,0,84.8,7.5,1,6,2,2,1,1,65.7
481,17,4.4,1.3,2.4,0,87.9,5.5,2,2,2,2,8,1,80.9
482,17,4.8,2.5,3.1,1,81.7,7.1,1,5,0,2,5,1,83.0
483,17,1.5,2.3,3.0,0,86.2,5.7,1,1,0,2,10,1,54.2
484,19,3.7,2.9,2.8,0,100.0,6.5,2,6,1,1,8,1,82.5
485,22,6.4,4.2,1.5,1,88.8,6.1,1,0,0,2,6,1,85.0
486,24,2.0,3.8,1.2,0,81.3,6.7,2,1,1,2,7,1,40.4
487,23,2.5,0.9,2.2,1,80.0,3.6,2,5,1,1,8,1,58.9
488,21,4.3,3.2,2.8,0,83.3,4.3,0,2,0,0,6,1,67.5
489,23,4.0,3.0,3.0,0,83.2,7.7,2,3,1,1,6,1,74.7
490,18,4.2,3.8,3.4,1,84.8,5.4,2,2,0,2,5,1,67.4
491,19,4.5,4.9,0.8,0,80.2,6.2,2,1,1,0,8,1,72.2
492,18,5.2,3.7,0.9,0,96.0,6.9,2,0,0,0,2,1,77.1
493,17,4.1,2.8,1.6,0,100.0,7.3,0,6,1,1,7,1,87.9
494,24,3.1,3.8,2.1,0,89.5,4.1,1,5,2,1,4,1,54.1
495,21,4.5,2.7,1.2,1,85.8,5.4,2,2,2,2,1,1,62.9
496,20,6.3,2.5,3.3,0,85.4,6.1,1,6,0,2,5,1,95.6
497,18,3.3,2.1,2.3,0,61.2,7.3,0,6,0,0,3,1,67.1
498,23,2.0,4.4,1.8,0,92.5,9.5,2,4,1,1,4,1,51.5
499,17,5.2,1.5,0.2,1,86.3,6.2,2,5,0,1,7,1,97.9
500,20,3.3,4.3,0.4,1,89.3,4.8,0,1,0,1,5,1,67.0
501,21,0.2,3.1,2.1,1,77.9,7.0,2,5,2,2,4,1,31.5
502,20,4.8,0.8,0.0,0,81.2,8.1,2,5,0,1,1,1,88.0
503,24,4.0,3.3,5.4,0,81.2,7.6,1,6,1,0,6,1,79.0
504,22,3.8,3.6,4.3,0,100.0,7.3,0,1,1,0,7,1,69.9
505,24,4.6,1.8,1.6,0,89.3,5.3,1,0,0,1,1,1,60.1
506,22,2.8,2.6,1.7,0,72.2,7.0,1,6,0,2,4,1,70.3
507,20,4.3,4.8,2.9,1,83.7,7.7,1,3,0,2,9,1,79.8
508,19,3.1,1.9,3.7,0,78.5,7.9,2,0,1,2,10,1,66.6
509,23,4.4,4.3,0.0,1,100.0,6.1,1,3,2,1,2,1,70.1
510,20,2.1,4.9,1.1,0,92.0,8.0,2,3,0,1,4,1,61.5
511,18,5.1,2.5,2.4,0,90.3,5.0,0,0,2,2,6,1,79.3
512,18,2.7,3.7,2.3,0,86.7,7.0,0,5,0,2,4,1,63.9
513,24,4.7,4.1,3.0,0,71.2,4.9,2,3,1,0,10,1,93.1
514,23,4.1,1.6,0.5,0,80.2,7.8,0,5,0,0,7,1,89.8
515,22,3.2,4.0,2.7,0,74.5,8.0,2,6,2,2,6,1,61.8
516,19,3.0,4.5,0.9,0,59.7,7.1,1,1,2,2,4,1,51.5
517,17,3.5,3.2,0.0,0,82.7,5.0,2,4,0,2,3,1,60.4
518,18,3.0,1.4,2.0,0,83.6,8.2,1,5,1,2,3,1,67.2
519,23,4.7,4.9,2.7,0,86.4,8.4,0,6,1,1,2,1,89.6
520,22,1.1,1.9,1.7,0,92.3,7.6,1,4,2,2,3,1,48.3
521,21,1.9,2.1,1.3,0,91.4,5.6,1,3,0,2,10,1,61.7
522,22,1.9,2.9,1.6,1,87.6,6.1,1,4,1,2,1,1,44.4
523,18,4.9,4.4,1.4,1,97.0,6.7,1,4,0,1,3,1,77.2
524,18,6.1,3.5,0.3,1,69.8,5.7,2,3,0,1,9,1,100.0
525,22,3.3,3.0,1.0,0,90.0,8.5,2,5,2,1,4,1,73.0
526,17,3.2,3.1,2.4,0,91.3,6.7,1,3,0,1,3,1,68.5
527,20,3.6,2.6,2.2,0,72.6,3.3,1,1,0,2,8,1,61.0
528,18,5.2,3.2,2.0,0,70.0,6.9,1,2,1,0,1,1,70.5
529,22,2.1,0.0,0.7,0,77.5,6.1,2,0,1,1,5,1,52.5
530,23,3.9,2.1,1.6,0,78.4,6.4,2,3,0,2,1,1,62.8
531,22,5.0,2.8,0.0,1,92.5,6.1,1,3,0,0,7,1,83.5
532,19,4.3,1.1,2.0,0,78.9,7.5,2,4,2,1,5,1,71.4
533,20,3.8,3.0,3.4,0,76.4,7.8,1,1,0,1,2,1,61.5
534,21,5.0,2.3,0.2,0,78.9,6.8,0,6,1,2,1,1,75.4
535,17,0.0,4.6,1.2,0,96.2,6.1,0,6,1,1,7,1,42.0
536,24,4.5,4.4,2.2,0,85.1,6.5,1,4,0,2,1,1,64.0
537,21,2.5,1.9,3.2,1,83.2,6.5,1,5,2,1,3,1,60.1
538,20,0.8,2.3,1.3,1,83.9,5.5,0,3,1,2,6,1,34.7
539,20,4.3,2.4,1.0,1,97.9,7.2,2,3,0,1,6,1,88.0
540,20,5.6,2.0,0.0,0,77.5,7.1,1,4,1,1,7,1,100.0
541,21,3.3,2.7,1.9,0,98.2,8.3,1,3,1,0,1,1,66.1
542,23,4.9,1.6,4.0,0,87.1,8.0,1,5,1,0,7,1,95.5
543,20,5.9,1.1,2.1,1,83.4,5.7,0,2,2,1,2,1,86.4
544,22,5.5,3.2,1.8,0,100.0,7.5,1,0,0,0,6,1,77.3
545,21,6.0,3.3,2.2,0,74.4,5.4,1,0,0,1,8,1,90.2
546,24,4.6,1.5,1.8,0,81.5,7.3,1,0,0,2,5,1,80.2
547,23,3.1,2.8,2.0,0,100.0,6.8,0,4,2,2,8,1,72.8
548,19,2.2,3.5,1.8,0,100.0,3.3,2,6,1,2,8,1,67.6
549,23,6.8,2.5,0.7,0,97.2,4.4,2,1,1,0,4,1,93.1
550,24,3.2,3.0,3.2,0,83.0,6.3,0,3,1,1,8,1,57.5
551,20,3.7,1.9,2.5,0,81.3,6.6,1,2,1,2,5,1,61.1
552,24,4.3,2.3,1.2,0,68.3,6.1,0,5,0,0,5,1,77.4
553,21,3.6,2.3,2.9,0,100.0,4.6,1,2,2,2,3,1,69.6
554,18,6.0,1.6,1.3,0,89.7,5.5,1,6,0,0,7,1,100.0
555,20,2.6,2.3,0.9,0,80.1,7.0,1,0,2,2,9,1,69.3
556,18,3.8,0.6,1.0,0,98.3,7.2,1,3,1,1,9,1,85.7
557,22,2.4,1.9,0.0,0,75.3,6.5,2,6,0,2,1,1,53.9
558,19,1.5,2.2,2.3,0,89.1,7.9,1,0,1,1,1,1,43.7
559,17,2.6,2.2,0.0,0,83.3,7.0,1,1,1,2,10,1,79.3
560,24,3.4,2.2,0.4,0,91.4,5.6,1,5,0,0,5,1,71.3
561,23,2.9,2.4,0.0,0,84.4,6.2,2,0,1,1,1,1,61.4
562,19,2.5,3.1,1.7,0,70.5,4.8,2,1,0,2,4,1,45.1
563,18,3.4,1.7,1.4,0,95.5,7.8,2,0,2,2,2,1,70.7
564,23,1.2,1.1,0.7,0,84.7,7.3,1,0,1,1,2,1,35.6
565,18,4.6,1.2,0.5,0,92.8,8.2,2,4,2,2,4,1,93.0
566,21,3.6,1.9,2.3,0,74.5,6.1,2,5,1,1,8,1,83.2
567,18,1.3,2.1,1.2,0,84.7,8.1,0,5,0,2,2,1,46.6
568,21,3.0,1.6,2.1,0,78.8,6.3,2,6,1,2,9,1,70.8
569,22,2.4,0.9,0.8,0,92.5,8.3,1,2,1,1,9,1,78.3
570,23,4.0,2.0,2.0,0,85.3,6.5,1,4,2,2,2,1,70.7
571,23,5.5,2.7,3.2,1,91.9,7.3,1,6,0,2,1,1,82.6
572,17,0.7,3.2,2.4,0,95.9,8.3,2,1,2,1,10,1,50.3
573,20,3.7,1.8,1.3,0,91.9,6.3,1,6,2,2,10,1,80.9
574,21,3.3,2.0,2.1,0,87.7,6.8,0,1,1,0,9,1,75.4
575,17,4.5,1.4,1.5,0,75.0,8.0,2,2,2,2,2,1,83.7
576,18,3.8,2.5,1.8,0,85.0,6.3,0,5,0,1,8,1,76.8
577,18,2.4,1.5,1.4,0,79.7,4.9,0,1,2,0,3,1,45.8
578,17,3.0,3.2,1.6,0,81.6,9.1,1,2,1,1,1,1,58.4
579,18,5.1,2.1,0.7,1,75.2,6.7,1,1,2,2,10,1,99.4
580,24,3.5,2.9,0.7,0,65.4,7.9,0,3,0,2,2,1,62.9
581,22,6.4,2.7,0.3,1,78.3,5.8,2,0,0,1,7,1,98.0
582,22,3.4,5.7,0.0,0,86.9,5.3,2,6,1,0,6,1,74.7
583,24,2.4,2.9,0.5,0,71.5,6.8,1,5,0,2,2,1,50.4
584,17,1.2,1.3,2.0,0,85.2,4.3,1,6,0,2,4,1,49.4
585,24,0.8,2.4,0.8,0,100.0,6.2,1,3,1,1,2,1,35.3
586,21,3.9,2.4,1.8,0,100.0,6.2,0,2,0,1,3,1,68.4
587,24,1.1,3.6,2.5,0,96.7,8.4,2,3,0,2,10,1,54.6
588,21,4.8,1.8,2.7,0,77.8,6.6,1,6,1,1,5,1,88.0
589,23,2.8,2.4,0.7,0,78.6,8.2,1,0,1,2,5,1,61.5
590,24,3.7,1.7,2.3,1,57.6,6.2,2,0,2,1,7,1,75.7
591,23,5.9,4.6,0.9,0,96.9,5.4,2,4,1,1,10,1,100.0
592,21,4.8,2.1,1.9,0,100.0,6.8,1,1,0,2,8,1,82.6
593,22,3.1,4.7,0.4,0,79.5,6.2,2,4,2,2,9,1,71.5
594,21,2.2,3.5,0.0,0,82.5,5.1,0,0,1,1,7,1,57.6
595,23,0.3,3.1,1.4,1,77.5,8.3,2,3,1,2,5,1,36.1
596,19,2.4,2.9,1.7,0,88.8,5.8,1,1,1,1,9,1,67.4
597,20,3.2,3.0,1.4,1,96.2,4.3,2,3,2,2,8,1,74.8
598,18,2.0,0.2,0.5,0,67.6,8.1,2,4,1,1,10,1,73.6
599,24,3.3,2.2,1.4,0,89.1,5.9,2,2,0,2,9,1,79.5
600,19,3.6,3.5,2.1,0,82.2,5.8,2,3,1,0,10,1,62.5
601,22,2.5,0.8,2.0,0,89.6,8.6,1,4,0,2,6,1,75.6
602,17,3.8,2.4,1.1,0,83.1,5.0,1,4,0,2,4,1,64.4
603,21,4.2,4.5,3.1,0,84.0,6.6,2,2,0,1,9,1,75.3
604,20,5.6,2.4,2.3,0,94.7,7.0,1,6,0,1,10,1,100.0
605,21,3.4,3.6,3.1,0,89.2,6.4,2,2,1,2,10,1,76.4
606,23,3.5,2.1,2.3,0,87.2,4.5,2,1,1,2,9,1,69.9
607,17,4.6,0.5,1.6,0,72.3,5.5,2,2,2,2,10,1,88.9
608,22,3.8,1.4,1.2,0,81.2,6.7,2,2,0,1,3,1,70.4
609,22,4.9,4.4,2.9,0,94.0,5.6,1,2,1,2,3,1,69.4
610,22,3.9,2.2,0.2,0,85.4,6.7,0,3,2,1,6,1,84.9
611,20,2.6,2.2,0.7,0,91.6,7.3,0,2,0,0,6,1,63.6
612,21,4.0,2.1,1.4,0,100.0,7.7,1,1,1,2,6,1,82.2
613,20,1.8,4.8,3.2,0,95.4,5.0,2,4,1,2,5,1,37.4
614,18,3.5,5.2,0.7,1,79.9,7.4,2,0,2,2,2,1,53.4
615,18,3.2,2.3,1.5,0,59.5,6.5,2,2,1,2,7,1,64.2
616,20,3.6,1.1,0.3,1,83.5,6.2,1,4,0,2,4,1,77.2
617,17,3.7,2.8,3.6,0,81.8,3.6,1,3,1,2,4,1,59.8
618,22,2.0,1.2,2.7,0,67.2,6.7,0,6,1,1,8,1,55.4
619,22,5.4,1.8,3.0,1,75.6,6.9,1,0,0,1,1,1,69.9
620,21,2.2,1.5,1.3,1,89.8,6.5,0,5,2,1,9,1,71.6
621,23,5.0,1.8,1.6,0,100.0,5.7,2,6,0,0,7,1,92.9
622,18,2.5,1.8,1.2,1,88.3,6.9,1,1,0,1,6,1,70.5
623,22,6.2,3.5,2.3,0,94.5,8.2,1,5,1,2,8,1,100.0
624,21,1.7,1.2,3.2,0,76.9,5.8,2,4,0,1,5,1,37.4
625,20,4.9,2.8,0.6,0,88.7,7.0,1,5,0,1,6,1,88.7
626,18,5.0,4.0,1.4,0,77.6,4.6,1,6,0,0,10,1,88.6
627,20,2.5,1.9,1.6,0,93.6,7.0,2,4,1,2,8,1,68.5
628,23,5.6,1.6,0.3,0,86.5,6.0,1,5,2,2,6,1,100.0
629,18,3.1,2.2,2.5,0,88.0,5.6,2,4,0,2,9,1,66.9
630,18,3.9,3.9,1.0,0,77.2,5.6,1,4,0,0,9,1,71.5
631,19,3.9,2.7,1.6,0,92.1,6.0,1,3,1,1,9,1,77.8
632,18,3.3,1.9,1.3,0,100.0,7.0,0,0,1,0,6,1,67.7
633,24,4.7,3.1,0.9,0,74.9,4.9,2,4,0,1,9,1,96.4
634,17,4.7,1.2,1.8,0,81.6,6.0,1,1,2,2,3,1,83.1
635,24,0.9,3.3,1.6,1,87.3,6.5,0,6,1,2,5,1,37.9
636,21,5.5,3.0,1.4,0,92.9,5.2,1,6,0,2,2,1,76.3
637,21,1.0,2.1,1.0,0,79.4,8.7,1,1,1,1,8,1,52.6
638,20,5.0,1.5,2.2,0,56.7,5.5,0,2,2,1,4,1,83.6
639,24,5.2,1.4,3.6,0,98.6,5.7,2,4,1,1,6,1,92.0
640,24,2.9,4.0,2.9,0,67.6,8.7,0,4,0,2,5,1,56.4
641,23,1.8,1.7,0.3,0,78.9,7.2,1,5,0,2,1,1,58.1
642,18,3.2,3.1,2.0,0,100.0,5.4,2,4,0,1,7,1,70.9
643,17,3.0,0.0,0.6,1,99.5,7.8,1,4,1,1,10,1,98.7
644,20,4.7,1.8,0.2,1,94.4,6.7,1,1,1,2,8,1,83.3
645,24,5.5,2.5,1.0,0,83.2,6.8,1,0,1,2,1,1,80.6
646,24,5.6,1.4,3.1,0,85.8,6.1,2,0,2,2,10,1,91.3
647,19,2.7,1.4,2.8,0,83.7,5.6,2,2,0,1,7,1,63.5
648,20,3.2,1.7,2.1,1,96.3,6.9,2,1,2,1,4,1,66.3
649,24,1.0,2.9,0.1,0,76.2,5.8,0,4,1,2,6,1,49.9
650,20,2.3,2.3,1.6,1,76.9,8.7,1,0,0,2,9,1,68.9
651,18,4.9,0.0,2.1,1,95.1,5.0,2,3,1,1,5,1,94.2
652,19,5.9,0.0,2.0,1,84.6,8.3,0,3,0,2,8,1,100.0
653,20,1.6,1.8,0.0,0,98.8,6.4,2,3,1,2,5,1,58.6
654,17,2.6,3.0,0.8,0,78.3,6.9,2,4,1,1,2,1,53.2
655,17,3.5,0.0,1.7,0,84.5,7.5,0,4,0,1,4,1,70.5
656,21,3.9,1.9,2.4,0,75.8,5.7,2,2,1,1,2,1,64.0
657,19,2.3,1.9,0.0,1,85.1,7.5,1,6,1,0,7,1,77.4
658,19,4.1,4.2,1.6,0,70.2,3.3,2,2,0,2,7,1,57.4
659,20,3.5,3.0,2.7,0,70.6,5.4,1,5,0,2,7,1,66.7
660,19,4.3,2.7,2.6,1,91.9,5.0,2,3,1,2,1,1,58.4
661,17,3.5,0.0,2.4,0,92.2,6.2,2,4,2,0,1,1,63.6
662,17,2.8,3.4,0.9,0,67.7,7.0,0,3,2,1,9,1,62.6
663,24,3.3,2.8,0.0,0,98.3,7.3,1,2,1,2,6,1,70.6
664,18,3.4,3.1,1.4,0,100.0,6.8,0,4,1,2,5,1,75.2
665,19,2.9,7.2,2.9,1,85.5,5.7,1,1,0,2,6,1,50.1
666,20,3.1,0.0,3.3,0,78.6,6.9,1,0,1,1,6,1,72.8
667,21,5.9,4.6,2.6,1,100.0,6.6,1,0,0,1,1,1,72.7
668,21,4.3,2.2,2.3,0,71.8,7.6,1,2,0,2,5,1,76.0
669,20,3.1,2.8,2.2,0,85.2,7.4,0,6,1,2,9,1,74.1
670,22,3.0,2.0,1.7,0,98.5,5.4,0,1,1,2,3,1,51.3
671,18,5.3,1.8,3.6,0,88.6,5.7,1,4,1,1,1,1,71.0
672,21,4.1,2.9,0.8,1,80.0,5.8,2,6,0,2,2,1,76.4
673,19,3.3,0.7,3.6,0,75.5,6.1,0,3,0,2,3,1,52.6
674,18,4.2,3.4,1.4,0,81.6,6.8,2,2,2,1,4,1,74.0
675,19,1.1,2.0,3.3,0,74.9,7.4,2,3,1,2,7,1,42.6
676,23,1.8,1.1,0.3,0,85.5,6.4,2,2,0,1,6,1,49.8
677,17,1.7,2.0,2.4,0,79.4,6.5,2,5,0,1,8,1,45.7
678,18,3.7,4.0,1.0,0,70.1,6.7,2,0,1,0,9,1,77.2
679,24,6.1,1.9,0.2,0,97.6,5.9,0,6,1,0,6,1,98.5
680,21,6.8,2.9,2.0,0,80.0,5.4,1,0,0,1,7,1,96.2
681,18,4.5,1.6,2.9,1,72.3,4.4,2,3,0,2,4,1,71.3
682,18,4.3,3.4,0.9,0,83.3,5.7,1,1,2,2,2,1,59.2
683,18,0.8,3.3,0.2,0,85.7,7.1,2,4,1,0,9,1,51.8
684,22,2.7,4.7,1.7,1,67.5,5.7,0,2,2,2,9,1,59.3
685,18,2.3,2.3,1.7,0,88.3,6.2,2,4,1,2,4,1,58.5
686,19,2.6,3.3,2.4,0,74.5,7.1,1,0,2,2,3,1,44.5
687,17,3.2,2.6,2.8,0,100.0,7.1,1,1,0,2,10,1,75.4
688,23,2.8,4.1,1.7,1,90.2,5.2,1,1,1,1,6,1,54.9
689,18,4.6,3.4,2.0,0,77.5,7.9,2,0,1,2,1,1,71.8
690,21,1.9,2.3,1.4,0,84.0,5.1,1,4,0,0,4,1,51.8
691,18,3.9,2.4,0.0,1,91.1,5.5,2,3,0,0,1,1,59.5
692,21,6.6,2.6,1.5,0,84.7,7.9,1,1,2,0,2,1,96.6
693,19,2.1,2.8,1.4,1,82.8,6.3,0,1,2,1,3,1,44.1
694,24,3.1,2.8,2.3,0,79.0,4.8,0,0,1,1,10,1,63.7
695,20,5.2,4.4,0.5,0,81.6,6.2,1,1,0,0,4,1,74.0
696,17,6.4,3.7,2.0,0,64.1,5.1,1,6,0,2,4,1,98.8
697,21,1.7,3.5,2.5,0,94.7,6.0,2,5,1,2,10,1,53.0
698,21,4.2,2.0,3.5,0,88.0,6.5,2,5,0,1,9,1,84.6
699,17,2.8,1.4,2.8,0,77.3,8.3,0,5,2,0,7,1,73.0
700,20,3.3,3.6,2.6,0,100.0,6.2,1,2,0,0,2,1,57.1
701,18,7.5,3.6,1.9,1,85.9,7.8,1,6,1,1,3,1,100.0
702,21,1.2,4.3,2.2,0,74.6,8.2,1,2,1,1,4,1,36.2
703,17,3.9,1.8,3.2,0,93.6,8.2,0,0,0,1,4,1,65.6
704,24,4.2,2.2,0.3,1,89.0,6.8,0,3,0,2,10,1,87.5
705,24,5.1,0.5,1.4,0,88.9,4.1,2,4,1,1,8,1,100.0
706,19,3.6,2.0,1.0,1,80.7,7.1,2,6,1,1,10,1,85.6
707,17,4.0,3.7,2.2,0,89.5,7.8,0,0,0,1,10,1,89.4
708,19,2.9,1.9,3.2,0,82.4,6.4,1,4,1,2,6,1,66.9
709,20,3.0,2.3,0.0,0,66.0,7.5,2,2,0,2,9,1,77.9
710,18,4.4,2.9,1.3,0,80.7,7.2,1,5,0,2,10,1,91.3
711,23,4.1,2.6,2.4,0,77.3,6.9,2,2,1,1,9,1,85.3
712,24,3.5,0.0,2.3,0,79.0,3.5,1,3,1,2,5,1,64.4
713,24,5.2,2.3,1.5,0,80.5,5.9,1,6,2,0,3,1,82.8
714,23,3.4,0.5,0.4,0,72.9,7.9,1,4,1,2,4,1,78.0
715,22,0.8,3.9,2.4,0,62.9,5.5,1,0,2,2,5,1,31.5
716,24,5.4,3.4,0.9,0,82.7,6.2,1,1,1,2,9,1,92.3
717,21,2.1,3.1,4.2,0,86.4,5.2,1,1,1,0,9,1,50.1
718,20,2.5,4.3,2.4,0,84.5,8.6,1,3,2,2,3,1,49.4
719,17,2.6,1.4,1.2,0,83.6,8.5,0,5,1,1,7,1,80.3
720,21,0.3,3.6,1.7,0,95.2,6.7,0,3,1,1,4,1,33.6
721,23,8.2,2.2,1.5,0,83.1,5.7,0,2,2,2,5,1,100.0
722,17,5.1,3.9,3.0,0,79.3,7.2,2,1,1,1,10,1,90.6
723,19,3.8,1.2,2.0,0,82.2,7.1,2,2,1,1,2,1,66.3
724,17,3.4,1.5,1.0,0,90.8,7.5,2,4,1,0,7,1,86.1
725,22,3.9,1.8,3.9,0,99.1,6.9,1,1,2,2,4,1,65.5
726,17,4.5,1.2,2.6,0,86.0,5.3,2,0,1,2,6,1,76.3
727,22,4.3,4.0,1.1,1,88.4,4.4,2,2,0,1,2,1,59.0
728,20,3.6,2.2,2.2,0,75.1,6.0,1,3,1,1,10,1,76.1
729,24,3.2,2.9,2.1,0,85.2,4.6,2,1,1,2,2,1,40.3
730,17,3.3,1.8,0.0,0,70.3,4.7,0,2,0,1,7,1,65.2
731,22,3.2,0.3,4.0,1,67.3,5.3,2,3,0,2,1,1,43.9
732,21,5.2,2.8,3.2,0,88.7,5.4,2,0,1,2,7,1,89.5
733,19,4.4,0.2,1.4,0,81.2,5.4,2,1,0,1,10,1,80.7
734,19,0.0,2.4,0.6,1,87.0,7.1,2,4,0,1,5,1,53.0
735,17,4.5,0.9,2.2,0,84.8,5.9,2,0,1,2,1,1,70.6
736,20,3.8,4.9,1.9,0,75.2,6.3,0,5,0,1,6,1,65.5
737,20,3.5,3.6,2.2,0,84.5,7.6,1,3,0,1,7,1,75.1
738,21,2.9,2.6,2.0,0,72.7,5.6,0,1,2,2,1,1,43.5
739,17,5.2,4.0,2.4,0,98.9,6.2,1,1,0,1,9,1,80.6
740,19,4.9,1.5,3.4,0,71.4,6.9,2,6,0,2,7,1,88.2
741,20,2.3,3.2,2.4,0,83.0,4.2,1,6,1,0,1,1,48.5
742,17,4.1,2.7,0.6,0,74.6,3.6,1,0,1,2,3,1,67.3
743,23,2.0,2.8,3.3,0,90.7,6.9,1,1,2,0,5,1,50.7
744,20,1.4,4.0,3.6,0,81.7,7.1,2,3,2,0,4,1,35.4
745,22,2.6,3.4,5.3,0,79.8,9.0,0,0,1,2,2,1,49.1
746,23,4.8,2.8,0.6,0,93.5,6.7,1,4,0,2,1,1,85.4
747,20,4.3,1.3,0.0,1,90.2,6.3,2,0,0,1,7,1,90.4
748,19,4.6,2.4,2.4,0,75.2,6.9,0,4,0,2,4,1,87.8
749,18,4.3,2.6,1.2,0,71.0,8.5,2,5,1,1,9,1,87.5
750,23,2.5,1.1,3.9,0,86.1,4.0,1,6,1,2,8,1,58.2
751,21,4.7,4.3,0.0,0,91.3,9.1,2,5,1,2,5,1,83.5
752,21,4.6,3.2,1.3,0,84.2,6.8,0,5,0,1,1,1,77.6
753,19,5.3,2.6,0.0,1,87.1,8.5,1,5,0,1,9,1,98.4
754,20,4.6,2.2,2.6,0,68.8,5.7,0,6,1,2,2,1,78.5
755,17,4.0,1.4,0.0,1,100.0,6.5,1,2,0,0,6,1,81.1
756,20,5.1,2.6,1.8,0,83.4,6.5,1,6,0,1,10,1,100.0
757,21,2.2,1.0,1.4,0,76.6,5.1,0,2,0,0,10,1,62.6
758,20,3.3,2.9,3.6,0,88.1,5.2,1,4,1,1,8,1,60.3
759,21,2.4,2.3,2.2,0,72.0,7.5,2,6,2,1,3,1,63.9
760,23,2.5,0.2,0.9,1,89.5,7.5,2,3,0,2,6,1,80.0
761,24,3.3,1.5,1.8,1,81.4,6.9,1,5,0,1,6,1,62.6
762,17,2.3,2.0,1.8,0,85.3,7.5,1,1,1,1,10,1,71.4
763,23,3.0,4.8,2.3,1,92.0,6.3,1,4,2,0,3,1,60.6
764,21,0.7,3.2,0.3,1,72.7,7.9,1,2,0,2,7,1,47.2
765,21,3.8,0.9,2.5,0,78.2,6.5,0,6,0,1,4,1,78.1
766,18,3.5,3.1,0.0,0,89.6,6.6,1,3,1,2,5,1,75.5
767,18,2.3,0.6,1.1,0,100.0,6.2,1,0,1,2,9,1,73.5
768,23,4.5,3.8,1.3,0,83.6,7.3,1,3,0,0,6,1,74.6
769,22,4.9,1.9,2.5,0,90.9,6.0,1,3,1,1,10,1,98.7
770,23,1.1,2.4,1.8,0,83.9,7.7,2,5,0,1,4,1,49.2
771,18,2.4,4.1,0.3,0,100.0,5.1,0,5,1,2,8,1,67.4
772,21,2.3,1.0,0.7,0,67.5,5.2,2,6,1,2,9,1,72.5
773,19,2.1,0.8,2.0,0,85.9,7.3,2,6,2,2,10,1,68.4
774,23,4.7,1.8,1.7,0,68.7,6.4,1,2,0,1,5,1,70.0
775,21,3.2,3.7,1.2,0,59.9,6.0,1,6,0,2,2,1,56.1
776,19,3.1,0.7,1.3,1,88.0,7.6,1,2,0,0,6,1,81.5
777,19,0.5,0.0,2.6,1,86.4,5.8,0,5,2,0,8,1,45.0
778,18,4.5,2.0,1.2,1,82.2,6.3,1,5,0,2,5,1,84.4
779,23,1.6,3.2,1.7,0,83.9,8.2,2,1,0,2,1,1,36.8
780,20,3.6,3.9,4.2,0,100.0,8.3,0,1,0,0,8,1,65.6
781,17,3.9,1.9,0.2,0,82.4,8.4,1,4,1,0,9,1,93.5
782,18,5.5,2.0,0.0,0,90.1,6.2,2,5,0,0,1,1,93.7
783,18,1.5,3.9,2.7,0,78.5,8.0,2,0,0,0,8,1,42.3
784,20,0.0,0.3,1.1,1,88.0,5.4,1,1,0,1,10,1,53.3
785,17,3.8,2.0,1.4,0,82.6,5.4,2,2,2,2,2,1,65.9
786,21,6.2,2.7,0.9,0,80.9,3.7,1,3,1,2,4,1,87.9
787,22,5.4,3.0,1.5,0,100.0,8.5,0,6,1,2,2,1,94.5
788,23,3.8,1.9,3.6,0,96.8,5.5,1,6,2,2,2,1,77.8
789,22,2.8,2.5,2.7,1,86.4,6.3,1,4,2,1,10,1,74.6
790,21,4.7,0.0,2.7,1,62.0,5.4,2,1,0,2,3,1,67.5
791,24,2.0,1.7,0.2,1,81.4,7.3,0,3,2,2,8,1,66.5
792,17,4.3,1.3,0.0,0,82.7,4.9,1,1,0,2,7,1,84.9
793,18,5.1,2.6,0.9,0,96.0,7.0,1,0,2,1,10,1,96.6
794,19,7.6,3.0,2.9,0,99.4,4.8,0,0,0,2,3,1,100.0
795,18,4.1,2.1,2.4,0,87.2,5.5,1,4,0,2,10,1,83.1
796,18,2.7,2.7,1.6,0,76.6,4.0,2,0,0,1,3,1,36.9
797,21,3.5,1.3,1.8,1,60.6,4.8,1,4,1,2,2,1,60.0
798,21,0.8,2.3,1.0,0,91.8,6.7,1,2,0,0,6,1,44.3
799,21,2.5,3.2,2.0,0,76.9,4.1,1,1,1,2,6,1,41.6
800,22,2.9,2.7,2.6,1,86.8,4.7,1,3,2,1,1,1,45.5
801,19,2.7,1.8,0.0,0,72.5,6.5,1,4,1,0,7,1,68.2
802,24,3.7,2.8,2.1,0,82.3,5.8,2,6,0,1,4,1,75.5
803,24,2.3,3.4,2.8,0,85.3,8.9,2,0,2,2,3,1,40.9
804,21,5.2,0.0,1.3,0,87.7,8.7,1,6,0,0,8,1,100.0
805,17,3.5,3.9,2.6,0,73.9,5.5,1,4,0,2,2,1,65.6
806,20,3.0,3.0,1.7,1,79.0,7.4,1,4,1,2,8,1,69.8
807,17,3.7,3.9,2.2,1,68.3,5.8,1,0,0,2,8,1,66.6
808,23,4.7,0.9,1.0,1,83.9,4.7,1,5,0,1,3,1,84.5
809,23,2.2,1.6,2.0,1,85.3,6.5,2,5,0,1,4,1,65.6
810,17,2.5,2.2,2.3,0,86.6,6.3,1,0,0,2,2,1,46.8
811,21,3.0,1.6,2.0,0,98.6,6.0,2,5,1,2,2,1,67.7
812,20,1.5,4.6,0.7,1,82.6,7.0,2,1,1,2,4,1,45.4
813,20,2.3,1.5,2.0,0,83.8,5.6,1,3,1,1,6,1,57.0
814,22,2.8,1.8,3.4,1,74.0,5.1,2,6,0,1,5,1,58.4
815,20,4.8,2.7,2.3,0,93.2,6.6,2,1,0,2,1,1,70.8
816,23,3.9,1.1,2.9,0,86.8,7.0,1,1,2,1,10,1,75.7
817,21,4.8,2.9,2.6,0,66.0,7.6,0,0,2,1,6,1,82.1
818,20,3.3,2.1,2.1,0,99.4,4.4,1,6,0,2,3,1,71.4
819,22,4.1,2.4,0.8,0,72.7,5.8,1,3,2,2,3,1,66.7
820,23,3.3,1.9,2.2,0,79.1,6.2,1,4,0,1,7,1,70.9
821,19,3.9,0.7,0.7,1,88.6,5.7,0,1,0,0,1,1,73.0
822,18,2.6,2.9,1.1,1,73.0,5.8,2,5,1,0,1,1,53.9
823,18,0.0,4.6,2.0,1,70.1,8.7,1,3,1,1,10,1,43.4
824,19,3.3,2.5,2.1,0,63.8,5.5,1,1,0,1,3,1,55.4
825,23,5.6,2.8,0.5,1,92.2,9.4,1,4,1,2,8,1,100.0
826,22,4.9,3.3,3.0,0,79.5,7.0,1,5,1,1,1,1,71.8
827,21,3.6,2.7,0.1,0,75.8,9.5,0,6,0,1,9,1,89.1
828,18,3.8,4.5,1.6,1,79.3,5.3,2,3,0,2,4,1,53.5
829,20,2.6,1.6,1.3,1,87.4,5.2,2,6,1,0,10,1,72.9
830,22,3.0,4.7,1.9,0,80.3,5.6,1,0,0,1,8,1,61.0
831,18,4.4,3.4,1.4,0,91.1,6.5,2,1,0,2,7,1,69.1
832,20,5.3,3.2,0.0,0,75.2,4.4,2,5,0,2,3,1,77.2
833,20,3.3,2.8,1.4,1,71.2,6.5,0,5,1,1,7,1,71.9
834,24,2.8,2.2,1.5,0,67.0,8.5,2,3,0,2,7,1,74.7
835,17,1.3,0.1,3.6,0,82.0,5.8,0,5,2,1,2,1,44.3
836,23,0.1,1.2,0.0,0,78.7,7.6,0,5,0,2,9,1,53.4
837,17,2.7,2.3,3.2,1,97.4,5.5,0,5,1,1,1,1,57.4
838,21,2.7,2.4,2.7,0,81.7,8.8,1,5,0,2,4,1,58.8
839,20,3.3,4.0,1.9,0,67.1,6.8,2,0,1,2,2,1,43.5
840,22,2.8,0.2,3.1,0,79.3,6.5,2,5,0,1,2,1,65.6
841,17,5.7,2.7,1.4,0,79.0,7.7,2,0,2,1,8,1,89.8
842,23,4.0,0.3,0.6,0,78.4,7.8,2,1,2,2,7,1,89.5
843,20,4.0,3.4,3.4,1,78.0,5.5,0,3,1,1,7,1,68.8
844,17,4.4,2.4,1.7,0,78.5,5.9,1,0,1,1,5,1,76.8
845,17,1.8,3.0,2.0,0,81.1,4.9,2,1,0,1,10,1,47.5
846,24,5.1,1.5,3.2,0,78.6,7.0,0,5,0,0,8,1,89.3
847,17,3.4,4.0,0.7,1,87.1,7.3,0,1,2,2,2,1,62.0
848,22,4.5,3.8,2.5,0,88.6,4.9,2,5,1,1,2,1,66.1
849,21,1.9,3.2,1.2,0,75.9,6.0,2,6,1,2,5,1,41.7
850,22,1.2,2.3,1.7,0,97.7,4.9,1,1,0,0,1,1,28.0
851,20,4.1,1.7,0.1,1,68.8,7.2,2,0,2,1,4,1,67.5
852,21,2.1,3.5,0.9,0,88.8,5.6,1,6,0,2,6,1,63.4
853,24,2.2,4.5,3.3,0,76.8,6.1,0,3,0,2,7,1,50.2
854,21,5.2,3.8,2.8,0,88.2,4.5,2,2,0,0,3,1,72.0
855,21,1.7,1.6,1.7,0,61.0,6.7,1,5,1,2,8,1,67.9
856,21,2.1,0.9,1.5,0,91.7,5.6,1,3,1,2,1,1,55.0
857,24,4.5,3.2,3.3,1,70.0,6.3,2,0,0,2,6,1,59.9
858,22,3.0,3.0,1.6,0,70.2,6.7,1,2,2,2,7,1,63.2
859,21,4.4,0.3,2.1,0,100.0,5.5,1,4,1,2,4,1,84.5
860,19,2.7,1.1,3.1,0,77.6,4.7,1,5,0,1,2,1,50.8
861,20,3.3,2.2,0.9,0,76.7,8.7,2,5,1,0,10,1,94.0
862,21,3.6,2.1,3.5,1,62.3,5.7,0,1,0,1,9,1,65.6
863,20,2.0,1.0,0.1,0,81.5,6.4,1,5,0,1,7,1,61.7
864,19,4.6,3.0,3.6,0,82.7,7.7,2,5,2,2,1,1,66.0
865,19,2.7,2.8,1.4,1,92.2,10.0,0,3,0,1,8,1,86.9
866,20,3.2,2.3,1.5,0,71.0,5.0,2,6,0,2,3,1,59.6
867,17,2.0,1.6,0.0,0,69.8,7.0,2,5,0,1,4,1,49.1
868,18,0.0,3.8,1.3,1,89.5,5.7,2,5,0,1,5,1,31.1
869,23,3.2,4.5,0.7,0,95.1,5.9,1,2,2,2,1,1,45.7
870,17,7.1,1.9,1.1,1,69.3,5.6,2,6,0,1,6,1,100.0
871,17,4.7,1.8,1.6,0,95.8,5.1,2,2,2,2,10,1,81.1
872,22,3.5,3.1,2.9,1,85.4,6.5,2,0,2,1,6,1,55.1
873,23,3.1,2.1,2.0,0,95.9,4.7,0,0,0,2,2,1,53.3
874,23,3.5,2.3,2.1,0,84.3,7.6,2,5,0,0,10,1,89.1
875,17,4.3,3.4,0.6,0,59.8,6.6,1,5,2,1,6,1,77.3
876,21,1.7,0.2,0.8,0,83.5,7.0,0,1,0,2,8,1,56.4
877,22,4.6,2.6,1.0,0,76.1,6.1,2,3,0,1,4,1,74.6
878,19,4.6,2.0,3.6,1,81.1,6.8,1,5,1,1,4,1,83.0
879,24,4.2,2.4,1.5,0,83.2,5.1,1,3,1,1,9,1,85.9
880,23,3.5,2.5,1.8,0,56.0,6.1,2,5,0,1,6,1,64.5
881,17,4.5,0.4,3.0,0,100.0,5.5,1,3,0,2,8,1,91.9
882,19,4.4,4.3,3.2,0,76.0,5.4,2,4,2,2,8,1,74.6
883,20,3.0,2.5,1.7,0,90.1,4.0,1,3,1,0,7,1,70.9
884,18,2.6,3.0,1.4,0,84.1,8.1,1,6,1,1,3,1,66.7
885,24,3.7,3.6,1.7,0,97.6,5.7,2,0,1,2,10,1,77.4
886,24,5.8,1.3,2.2,1,89.1,7.9,2,5,0,1,1,1,99.0
887,24,1.6,3.1,2.8,0,82.7,7.8,1,0,1,2,5,1,43.5
888,22,1.3,2.2,1.8,0,76.1,5.0,2,6,0,0,10,1,53.4
889,20,3.7,3.5,2.5,0,93.0,5.2,0,6,0,2,10,1,81.0
890,24,3.6,0.0,3.6,0,66.3,9.6,1,3,1,1,2,1,66.2
891,20,3.8,2.4,2.2,1,91.5,8.6,1,2,0,2,10,1,88.0
892,21,3.9,1.8,2.1,0,74.0,6.5,0,2,2,1,2,1,64.4
893,24,3.2,3.0,0.1,0,97.5,6.8,1,6,0,1,7,1,82.4
894,18,5.7,3.1,0.0,1,86.6,5.7,1,2,2,2,3,1,80.9
895,20,1.1,1.7,2.2,0,91.4,7.0,0,5,2,0,8,1,59.6
896,20,2.3,1.6,1.7,1,85.8,5.6,1,1,0,1,9,1,56.2
897,18,3.3,2.4,1.2,0,67.5,4.1,1,4,1,1,8,1,72.5
898,24,1.0,1.4,2.1,1,76.4,4.9,1,3,0,1,6,1,47.6
899,18,3.2,3.5,1.7,0,91.7,6.5,2,1,2,2,5,1,63.6
900,20,6.0,2.1,3.0,0,86.7,5.1,2,2,0,2,3,1,85.3
901,18,3.5,0.0,1.9,0,96.8,6.4,1,3,1,0,3,1,71.8
902,20,3.8,2.1,1.0,0,89.0,5.2,2,1,0,2,7,1,70.9
903,20,1.6,1.3,2.9,0,75.3,5.6,2,0,0,1,5,1,41.7
904,21,2.6,0.5,1.6,0,77.0,7.5,1,2,0,2,6,1,76.1
905,17,2.9,1.0,2.4,1,86.0,6.8,0,1,0,1,6,1,65.9
906,20,3.0,2.6,1.3,0,61.9,6.5,2,5,1,2,9,1,64.4
907,24,5.4,4.1,1.1,1,100.0,7.6,1,0,1,1,1,1,69.7
908,19,4.3,2.9,1.9,0,89.4,7.1,2,2,1,1,8,1,74.9
