,X,Y,FFMC,DMC,DC,ISI,temp,RH,wind,rain,area,month,day
0,7,5,86.2,26.2,94.3,5.1,8.2,51,6.7,0.0,0.0,3,5
1,7,4,90.6,35.4,669.1,6.7,18.0,33,0.9,0.0,0.0,10,2
2,7,4,90.6,43.7,686.9,6.7,14.6,33,1.3,0.0,0.0,10,6
3,8,6,91.7,33.3,77.5,9.0,8.3,97,4.0,0.2,0.0,3,5
4,8,6,89.3,51.3,102.2,9.6,11.4,99,1.8,0.0,0.0,3,7
5,8,6,92.3,85.3,488.0,14.7,22.2,29,5.4,0.0,0.0,8,7
6,8,6,92.3,88.9,495.6,8.5,24.1,27,3.1,0.0,0.0,8,1
7,8,6,91.5,145.4,608.2,10.7,8.0,86,2.2,0.0,0.0,8,1
8,8,6,91.0,129.5,692.6,7.0,13.1,63,5.4,0.0,0.0,9,2
9,7,5,92.5,88.0,698.6,7.1,22.8,40,4.0,0.0,0.0,9,6
10,7,5,92.5,88.0,698.6,7.1,17.8,51,7.2,0.0,0.0,9,6
11,7,5,92.8,73.2,713.0,22.6,19.3,38,4.0,0.0,0.0,9,6
12,6,5,63.5,70.8,665.3,0.8,17.0,72,6.7,0.0,0.0,8,5
13,6,5,90.9,126.5,686.5,7.0,21.3,42,2.2,0.0,0.0,9,1
14,6,5,92.9,133.3,699.6,9.2,26.4,21,4.5,0.0,0.0,9,3
15,6,5,93.3,141.2,713.9,13.9,22.9,44,5.4,0.0,0.0,9,5
16,5,5,91.7,35.8,80.8,7.8,15.1,27,5.4,0.0,0.0,3,6
17,8,5,84.9,32.8,664.2,3.0,16.7,47,4.9,0.0,0.0,10,1
18,6,4,89.2,27.9,70.8,6.3,15.9,35,4.0,0.0,0.0,3,3
19,6,4,86.3,27.4,97.1,5.1,9.3,44,4.5,0.0,0.0,4,6
20,6,4,91.0,129.5,692.6,7.0,18.3,40,2.7,0.0,0.0,9,2
21,5,4,91.8,78.5,724.3,9.2,19.1,38,2.7,0.0,0.0,9,1
22,7,4,94.3,96.3,200.0,56.1,21.0,44,4.5,0.0,0.0,6,7
23,7,4,90.2,110.9,537.4,6.2,19.5,43,5.8,0.0,0.0,8,6
24,7,4,93.5,139.4,594.2,20.3,23.7,32,5.8,0.0,0.0,8,6
25,7,4,91.4,142.4,601.4,10.6,16.3,60,5.4,0.0,0.0,8,7
26,7,4,92.4,117.9,668.0,12.2,19.0,34,5.8,0.0,0.0,9,5
27,7,4,90.9,126.5,686.5,7.0,19.4,48,1.3,0.0,0.0,9,1
28,6,3,93.4,145.4,721.4,8.1,30.2,24,2.7,0.0,0.0,9,6
29,6,3,93.5,149.3,728.6,8.1,22.8,39,3.6,0.0,0.0,9,7
30,6,3,94.3,85.1,692.3,15.9,25.4,24,3.6,0.0,0.0,9,5
31,6,3,88.6,91.8,709.9,7.1,11.2,78,7.6,0.0,0.0,9,1
32,6,3,88.6,69.7,706.8,5.8,20.6,37,1.8,0.0,0.0,9,5
33,6,3,91.7,75.6,718.3,7.8,17.7,39,3.6,0.0,0.0,9,7
34,6,3,91.8,78.5,724.3,9.2,21.2,32,2.7,0.0,0.0,9,1
35,6,3,90.3,80.7,730.2,6.3,18.2,62,4.5,0.0,0.0,9,2
36,6,3,90.6,35.4,669.1,6.7,21.7,24,4.5,0.0,0.0,10,2
37,7,4,90.0,41.5,682.6,8.7,11.3,60,5.4,0.0,0.0,10,5
38,7,3,90.6,43.7,686.9,6.7,17.8,27,4.0,0.0,0.0,10,6
39,4,4,88.1,25.7,67.6,3.8,14.1,43,2.7,0.0,0.0,3,2
40,4,4,79.5,60.6,366.7,1.5,23.3,37,3.1,0.0,0.0,7,2
41,4,4,90.2,96.9,624.2,8.9,18.4,42,6.7,0.0,0.0,8,6
42,4,4,94.8,108.3,647.1,17.0,16.6,54,5.4,0.0,0.0,8,2
43,4,4,92.5,88.0,698.6,7.1,19.6,48,2.7,0.0,0.0,9,6
44,4,4,90.1,82.9,735.7,6.2,12.9,74,4.9,0.0,0.0,9,3
45,5,6,94.3,85.1,692.3,15.9,25.9,24,4.0,0.0,0.0,9,3
46,5,6,90.9,126.5,686.5,7.0,14.7,70,3.6,0.0,0.0,9,1
47,6,6,94.2,62.3,442.9,11.0,23.0,36,3.1,0.0,0.0,7,1
48,4,4,87.2,23.9,64.7,4.1,11.8,35,1.8,0.0,0.0,3,1
49,4,4,87.6,52.2,103.8,5.0,11.0,46,5.8,0.0,0.0,3,1
50,4,4,92.9,137.0,706.4,9.2,20.8,17,1.3,0.0,0.0,9,4
51,4,3,90.2,99.6,631.2,6.3,21.5,34,2.2,0.0,0.0,8,7
52,4,3,92.1,111.2,654.1,9.6,20.4,42,4.9,0.0,0.0,8,3
53,4,3,92.1,111.2,654.1,9.6,20.4,42,4.9,0.0,0.0,8,3
54,4,3,91.7,114.3,661.3,6.3,17.6,45,3.6,0.0,0.0,8,4
55,4,3,92.9,137.0,706.4,9.2,27.7,24,2.2,0.0,0.0,9,4
56,4,3,90.3,80.7,730.2,6.3,17.8,63,4.9,0.0,0.0,9,2
57,4,3,92.6,46.5,691.8,8.8,13.8,50,2.7,0.0,0.0,10,7
58,2,2,84.0,9.3,34.0,2.1,13.9,40,5.4,0.0,0.0,2,1
59,2,2,86.6,13.2,43.0,5.3,12.3,51,0.9,0.0,0.0,2,5
60,2,2,89.3,51.3,102.2,9.6,11.5,39,5.8,0.0,0.0,3,7
61,2,2,89.3,51.3,102.2,9.6,5.5,59,6.3,0.0,0.0,3,7
62,2,2,93.0,75.3,466.6,7.7,18.8,35,4.9,0.0,0.0,8,4
63,2,2,90.2,99.6,631.2,6.3,20.8,33,2.7,0.0,0.0,8,7
64,2,2,91.1,103.2,638.8,5.8,23.1,31,3.1,0.0,0.0,8,1
65,2,2,91.7,114.3,661.3,6.3,18.6,44,4.5,0.0,0.0,8,4
66,2,2,92.4,117.9,668.0,12.2,23.0,37,4.5,0.0,0.0,9,5
67,2,2,92.4,117.9,668.0,12.2,19.6,33,5.4,0.0,0.0,9,5
68,2,2,92.4,117.9,668.0,12.2,19.6,33,6.3,0.0,0.0,9,5
69,4,5,91.7,33.3,77.5,9.0,17.2,26,4.5,0.0,0.0,3,5
70,4,5,91.2,48.3,97.8,12.5,15.8,27,7.6,0.0,0.0,3,5
71,4,5,94.3,85.1,692.3,15.9,17.7,37,3.6,0.0,0.0,9,5
72,5,4,91.7,33.3,77.5,9.0,15.6,25,6.3,0.0,0.0,3,5
73,5,4,88.8,147.3,614.5,9.0,17.3,43,4.5,0.0,0.0,8,2
74,5,4,93.3,141.2,713.9,13.9,27.6,30,1.3,0.0,0.0,9,5
75,9,9,84.2,6.8,26.6,7.7,6.7,79,3.1,0.0,0.0,2,4
76,9,9,86.6,13.2,43.0,5.3,15.7,43,3.1,0.0,0.0,2,5
77,1,3,87.6,52.2,103.8,5.0,8.3,72,3.1,0.0,0.0,3,1
78,1,2,90.1,108.0,529.8,12.5,14.7,66,2.7,0.0,0.0,8,5
79,1,2,91.0,121.2,561.6,7.0,21.6,19,6.7,0.0,0.0,8,2
80,1,2,91.4,142.4,601.4,10.6,19.5,39,6.3,0.0,0.0,8,7
81,1,2,90.2,99.6,631.2,6.3,17.9,44,2.2,0.0,0.0,8,7
82,1,2,94.8,108.3,647.1,17.0,18.6,51,4.5,0.0,0.0,8,2
83,1,2,92.1,111.2,654.1,9.6,16.6,47,0.9,0.0,0.0,8,3
84,1,2,91.7,114.3,661.3,6.3,20.2,45,3.6,0.0,0.0,8,4
85,1,2,92.9,137.0,706.4,9.2,21.5,15,0.9,0.0,0.0,9,4
86,1,2,92.9,137.0,706.4,9.2,25.4,27,2.2,0.0,0.0,9,4
87,1,2,92.9,137.0,706.4,9.2,22.4,34,2.2,0.0,0.0,9,4
88,1,2,93.5,149.3,728.6,8.1,25.3,36,3.6,0.0,0.0,9,7
89,6,5,91.7,35.8,80.8,7.8,17.4,25,4.9,0.0,0.0,3,6
90,6,5,90.2,96.9,624.2,8.9,14.7,59,5.8,0.0,0.0,8,6
91,8,6,91.7,35.8,80.8,7.8,17.4,24,5.4,0.0,0.0,3,5
92,8,6,92.3,85.3,488.0,14.7,20.8,32,6.3,0.0,0.0,8,7
93,8,6,91.4,142.4,601.4,10.6,18.2,43,4.9,0.0,0.0,8,7
94,8,6,91.1,103.2,638.8,5.8,23.4,22,2.7,0.0,0.0,8,1
95,4,4,89.7,90.0,704.4,4.8,17.8,64,1.3,0.0,0.0,9,7
96,3,4,83.9,8.0,30.2,2.6,12.7,48,1.8,0.0,0.0,2,6
97,3,4,69.0,2.4,15.5,0.7,17.4,24,5.4,0.0,0.0,3,6
98,3,4,91.4,142.4,601.4,10.6,11.6,87,4.5,0.0,0.0,8,7
99,3,4,91.4,142.4,601.4,10.6,19.8,39,5.4,0.0,0.0,8,7
100,3,4,91.4,142.4,601.4,10.6,19.8,39,5.4,0.0,0.0,8,7
101,3,4,88.8,147.3,614.5,9.0,14.4,66,5.4,0.0,0.0,8,2
102,2,4,94.8,108.3,647.1,17.0,20.1,40,4.0,0.0,0.0,8,2
103,2,4,92.5,121.1,674.4,8.6,24.1,29,4.5,0.0,0.0,9,6
104,2,4,82.1,3.7,9.3,2.9,5.3,78,3.1,0.0,0.0,1,6
105,4,5,85.9,19.5,57.3,2.8,12.7,52,6.3,0.0,0.0,3,5
106,4,5,91.4,30.7,74.3,7.5,18.2,29,3.1,0.0,0.0,3,4
107,4,5,90.2,99.6,631.2,6.3,21.4,33,3.1,0.0,0.0,8,7
108,4,5,92.5,88.0,698.6,7.1,20.3,45,3.1,0.0,0.0,9,6
109,4,5,88.6,91.8,709.9,7.1,17.4,56,5.4,0.0,0.0,9,1
110,4,4,85.9,19.5,57.3,2.8,13.7,43,5.8,0.0,0.0,3,5
111,3,4,91.7,33.3,77.5,9.0,18.8,18,4.5,0.0,0.0,3,5
112,3,4,89.7,90.0,704.4,4.8,22.8,39,3.6,0.0,0.0,9,7
113,3,4,91.8,78.5,724.3,9.2,18.9,35,2.7,0.0,0.0,9,1
114,3,4,88.1,25.7,67.6,3.8,15.8,27,7.6,0.0,0.0,3,2
115,3,5,88.1,25.7,67.6,3.8,15.5,27,6.3,0.0,0.0,3,2
116,3,4,91.7,35.8,80.8,7.8,11.6,30,6.3,0.0,0.0,3,6
117,3,4,91.7,35.8,80.8,7.8,15.2,27,4.9,0.0,0.0,3,6
118,3,4,90.1,39.7,86.6,6.2,10.6,30,4.0,0.0,0.0,3,1
119,3,4,93.0,75.3,466.6,7.7,19.6,36,3.1,0.0,0.0,8,4
120,3,4,91.5,145.4,608.2,10.7,10.3,74,2.2,0.0,0.0,8,1
121,3,4,91.5,145.4,608.2,10.7,17.1,43,5.4,0.0,0.0,8,1
122,3,4,92.4,124.1,680.7,8.5,22.5,42,5.4,0.0,0.0,9,7
123,3,4,84.4,73.4,671.9,3.2,17.9,45,3.1,0.0,0.0,9,2
124,3,4,94.3,85.1,692.3,15.9,19.8,50,5.4,0.0,0.0,9,5
125,3,4,92.6,46.5,691.8,8.8,20.6,24,5.4,0.0,0.0,10,7
126,3,5,87.6,52.2,103.8,5.0,9.0,49,2.2,0.0,0.0,3,1
127,3,5,93.5,149.3,728.6,8.1,17.2,43,3.1,0.0,0.0,9,5
128,3,5,91.4,37.9,673.8,5.2,15.9,46,3.6,0.0,0.0,10,3
129,2,5,92.6,46.5,691.8,8.8,15.4,35,0.9,0.0,0.0,10,7
130,4,6,68.2,21.5,87.2,0.8,15.4,40,2.7,0.0,0.0,2,6
131,4,6,87.2,23.9,64.7,4.1,14.0,39,3.1,0.0,0.0,3,1
132,4,6,89.3,51.3,102.2,9.6,10.6,46,4.9,0.0,0.0,3,7
133,4,6,93.7,80.9,685.2,17.9,17.6,42,3.1,0.0,0.0,9,4
134,3,5,88.1,25.7,67.6,3.8,14.9,38,2.7,0.0,0.0,3,2
135,3,5,93.5,139.4,594.2,20.3,17.6,52,5.8,0.0,0.0,8,6
136,3,6,92.4,124.1,680.7,8.5,17.2,58,1.3,0.0,0.0,9,7
137,3,6,90.9,126.5,686.5,7.0,15.6,66,3.1,0.0,0.0,9,1
138,9,9,85.8,48.3,313.4,3.9,18.0,42,2.7,0.0,0.36,7,2
139,1,4,91.0,129.5,692.6,7.0,21.7,38,2.2,0.0,0.43,9,2
140,2,5,90.9,126.5,686.5,7.0,21.9,39,1.8,0.0,0.47,9,1
141,1,2,95.5,99.9,513.3,13.2,23.3,31,4.5,0.0,0.55,8,3
142,8,6,90.1,108.0,529.8,12.5,21.2,51,8.9,0.0,0.61,8,5
143,1,2,90.0,51.3,296.3,8.7,16.6,53,5.4,0.0,0.71,7,6
144,2,5,95.5,99.9,513.3,13.2,23.8,32,5.4,0.0,0.77,8,3
145,6,5,95.2,131.7,578.8,10.4,27.4,22,4.0,0.0,0.9,8,4
146,5,4,90.1,39.7,86.6,6.2,13.2,40,5.4,0.0,0.95,3,1
147,8,3,84.4,73.4,671.9,3.2,24.2,28,3.6,0.0,0.96,9,2
148,2,2,94.8,108.3,647.1,17.0,17.4,43,6.7,0.0,1.07,8,2
149,8,6,93.7,80.9,685.2,17.9,23.7,25,4.5,0.0,1.12,9,4
150,6,5,92.5,56.4,433.3,7.1,23.2,39,5.4,0.0,1.19,6,5
151,9,9,90.1,68.6,355.2,7.2,24.8,29,2.2,0.0,1.36,7,7
152,3,4,90.1,51.2,424.1,6.2,24.6,43,1.8,0.0,1.43,7,6
153,5,4,94.3,85.1,692.3,15.9,20.1,47,4.9,0.0,1.46,9,5
154,1,5,93.4,145.4,721.4,8.1,29.6,27,2.7,0.0,1.46,9,6
155,7,4,94.8,108.3,647.1,17.0,16.4,47,1.3,0.0,1.56,8,7
156,2,4,93.4,145.4,721.4,8.1,28.6,27,2.2,0.0,1.61,9,6
157,2,2,92.1,111.2,654.1,9.6,18.4,45,3.6,0.0,1.63,8,3
158,2,4,92.1,111.2,654.1,9.6,20.5,35,4.0,0.0,1.64,8,3
159,7,4,92.4,117.9,668.0,12.2,19.0,34,5.8,0.0,1.69,9,5
160,7,4,90.1,39.7,86.6,6.2,16.1,29,3.1,0.0,1.75,3,1
161,6,4,95.2,131.7,578.8,10.4,20.3,41,4.0,0.0,1.9,8,4
162,6,3,90.6,50.1,100.4,7.8,15.2,31,8.5,0.0,1.94,3,6
163,8,6,92.5,121.1,674.4,8.6,17.8,56,1.8,0.0,1.95,9,6
164,8,5,89.7,90.0,704.4,4.8,17.8,67,2.2,0.0,2.01,9,7
165,6,5,84.9,18.2,55.0,3.0,5.3,70,4.5,0.0,2.14,3,4
166,6,5,92.1,111.2,654.1,9.6,16.6,47,0.9,0.0,2.29,8,3
167,6,5,96.0,127.1,570.5,16.5,23.4,33,4.5,0.0,2.51,8,3
168,6,5,91.2,48.3,97.8,12.5,14.6,26,9.4,0.0,2.53,3,5
169,8,6,95.2,131.7,578.8,10.4,20.7,45,2.2,0.0,2.55,8,4
170,5,4,92.9,133.3,699.6,9.2,21.9,35,1.8,0.0,2.57,9,3
171,8,6,85.6,90.4,609.6,6.6,17.4,50,4.0,0.0,2.69,8,3
172,7,4,91.4,142.4,601.4,10.6,20.1,39,5.4,0.0,2.74,8,7
173,4,4,90.9,126.5,686.5,7.0,17.7,39,2.2,0.0,3.07,9,1
174,1,4,90.2,96.9,624.2,8.9,14.2,53,1.8,0.0,3.5,8,6
175,1,4,90.2,96.9,624.2,8.9,20.3,39,4.9,0.0,4.53,8,6
176,6,5,81.5,9.1,55.2,2.7,5.8,54,5.8,0.0,4.61,4,4
177,2,5,90.2,99.6,631.2,6.3,19.2,44,2.7,0.0,4.69,8,7
178,2,5,90.1,82.9,735.7,6.2,18.3,45,2.2,0.0,4.88,9,3
179,8,6,88.8,147.3,614.5,9.0,14.4,66,5.4,0.0,5.23,8,2
180,1,3,92.4,124.1,680.7,8.5,23.9,32,6.7,0.0,5.33,9,7
181,8,6,84.9,32.8,664.2,3.0,19.1,32,4.0,0.0,5.44,10,1
182,5,4,86.8,15.6,48.3,3.9,12.4,53,2.2,0.0,6.38,2,7
183,7,4,91.7,48.5,696.1,11.1,16.8,45,4.5,0.0,6.83,10,1
184,8,6,93.9,135.7,586.7,15.1,20.8,34,4.9,0.0,6.96,8,5
185,2,5,91.0,129.5,692.6,7.0,17.6,46,3.1,0.0,7.04,9,2
186,8,6,89.3,51.3,102.2,9.6,11.5,39,5.8,0.0,7.19,3,7
187,1,5,90.9,126.5,686.5,7.0,21.0,42,2.2,0.0,7.3,9,1
188,6,4,90.8,41.9,89.4,7.9,13.3,42,0.9,0.0,7.4,3,6
189,7,4,90.7,44.0,92.4,5.5,11.5,60,4.0,0.0,8.24,3,7
190,6,5,91.2,48.3,97.8,12.5,11.7,33,4.0,0.0,8.31,3,5
191,2,5,95.2,131.7,578.8,10.4,24.2,28,2.7,0.0,8.68,8,4
192,2,2,94.8,108.3,647.1,17.0,24.6,22,4.5,0.0,8.71,8,2
193,4,5,92.9,133.3,699.6,9.2,24.3,25,4.0,0.0,9.41,9,3
194,2,2,94.8,108.3,647.1,17.0,24.6,22,4.5,0.0,10.01,8,2
195,2,5,93.9,135.7,586.7,15.1,23.5,36,5.4,0.0,10.02,8,5
196,6,5,81.5,9.1,55.2,2.7,5.8,54,5.8,0.0,10.93,4,4
197,4,5,92.9,137.0,706.4,9.2,21.5,15,0.9,0.0,11.06,9,4
198,3,4,91.0,129.5,692.6,7.0,13.9,59,6.3,0.0,11.24,9,2
199,2,4,63.5,70.8,665.3,0.8,22.6,38,3.6,0.0,11.32,9,1
200,1,5,91.0,129.5,692.6,7.0,21.6,33,2.2,0.0,11.53,9,2
201,6,5,90.1,37.6,83.7,7.2,12.4,54,3.6,0.0,12.1,3,7
202,7,4,83.9,8.7,32.1,2.1,8.8,68,2.2,0.0,13.05,2,7
203,8,6,91.4,37.9,673.8,5.2,20.2,37,2.7,0.0,13.7,10,3
204,5,6,90.6,50.1,100.4,7.8,15.1,64,4.0,0.0,13.99,3,6
205,4,5,92.9,137.0,706.4,9.2,22.1,34,1.8,0.0,14.57,9,4
206,2,2,93.5,139.4,594.2,20.3,22.9,31,7.2,0.0,15.45,8,6
207,7,5,91.0,129.5,692.6,7.0,20.7,37,2.2,0.0,17.2,9,2
208,6,5,92.4,117.9,668.0,12.2,19.6,33,6.3,0.0,19.23,9,5
209,8,3,93.7,80.9,685.2,17.9,23.2,26,4.9,0.0,23.41,9,4
210,4,4,90.6,43.7,686.9,6.7,18.4,25,3.1,0.0,24.23,10,6
211,7,4,93.5,139.4,594.2,20.3,5.1,96,5.8,0.0,26.0,8,6
212,7,4,94.3,85.1,692.3,15.9,20.1,47,4.9,0.0,26.13,9,5
213,7,3,87.6,52.2,103.8,5.0,11.0,46,5.8,0.0,27.35,3,1
214,4,4,91.7,35.8,80.8,7.8,17.0,27,4.9,0.0,28.66,3,6
215,4,4,91.7,35.8,80.8,7.8,17.0,27,4.9,0.0,28.66,3,6
216,4,4,92.4,124.1,680.7,8.5,16.9,60,1.3,0.0,29.48,9,7
217,1,3,88.6,91.8,709.9,7.1,12.4,73,6.3,0.0,30.32,9,1
218,4,5,92.9,133.3,699.6,9.2,19.4,19,1.3,0.0,31.72,9,3
219,6,5,90.1,39.7,86.6,6.2,15.2,27,3.1,0.0,31.86,3,1
220,8,6,90.2,99.6,631.2,6.3,16.2,59,3.1,0.0,32.07,8,7
221,3,4,93.3,141.2,713.9,13.9,18.6,49,3.6,0.0,35.88,9,5
222,4,3,87.6,52.2,103.8,5.0,11.0,46,5.8,0.0,36.85,3,1
223,2,2,88.3,150.3,309.9,6.8,13.4,79,3.6,0.0,37.02,7,5
224,7,4,90.1,82.9,735.7,6.2,15.4,57,4.5,0.0,37.71,9,3
225,4,4,93.5,149.3,728.6,8.1,22.9,39,4.9,0.0,48.55,9,7
226,7,5,91.7,48.5,696.1,11.1,16.1,44,4.0,0.0,49.37,10,1
227,8,6,92.2,81.8,480.8,11.9,20.1,34,4.5,0.0,58.3,8,6
228,4,6,93.5,149.3,728.6,8.1,28.3,26,3.1,0.0,64.1,9,7
229,8,6,92.2,81.8,480.8,11.9,16.4,43,4.0,0.0,71.3,8,6
230,4,4,92.9,133.3,699.6,9.2,26.4,21,4.5,0.0,88.49,9,3
231,1,5,93.5,149.3,728.6,8.1,27.8,27,3.1,0.0,95.18,9,7
232,6,4,91.0,129.5,692.6,7.0,18.7,43,2.7,0.0,103.39,9,2
233,9,4,84.4,73.4,671.9,3.2,24.3,36,3.1,0.0,105.66,9,2
234,4,5,92.5,121.1,674.4,8.6,17.7,25,3.1,0.0,154.88,9,6
235,8,6,91.4,142.4,601.4,10.6,19.6,41,5.8,0.0,196.48,8,7
236,2,2,92.5,121.1,674.4,8.6,18.2,46,1.8,0.0,200.94,9,6
237,1,2,91.0,129.5,692.6,7.0,18.8,40,2.2,0.0,212.88,9,2
238,6,5,92.5,121.1,674.4,8.6,25.1,27,4.0,0.0,1090.84,9,6
239,7,5,81.9,3.0,7.9,3.5,13.4,75,1.8,0.0,0.0,4,7
240,6,3,88.0,17.2,43.5,3.8,15.2,51,2.7,0.0,0.0,4,3
241,4,4,83.0,23.3,85.3,2.3,16.7,20,3.1,0.0,0.0,4,5
242,2,4,94.2,122.3,589.9,12.9,15.4,66,4.0,0.0,10.13,8,7
243,7,4,91.8,175.1,700.7,13.8,21.9,73,7.6,1.0,0.0,8,7
244,2,4,91.8,175.1,700.7,13.8,22.4,54,7.6,0.0,2.87,8,7
245,3,4,91.8,175.1,700.7,13.8,26.8,38,6.3,0.0,0.76,8,7
246,5,4,91.8,175.1,700.7,13.8,25.7,39,5.4,0.0,0.09,8,7
247,2,4,92.2,91.6,503.6,9.6,20.7,70,2.2,0.0,0.75,8,3
248,8,6,93.1,157.3,666.7,13.5,28.7,28,2.7,0.0,0.0,8,3
249,3,4,93.1,157.3,666.7,13.5,21.7,40,0.4,0.0,2.47,8,3
250,8,5,93.1,157.3,666.7,13.5,26.8,25,3.1,0.0,0.68,8,3
251,8,5,93.1,157.3,666.7,13.5,24.0,36,3.1,0.0,0.24,8,3
252,6,5,93.1,157.3,666.7,13.5,22.1,37,3.6,0.0,0.21,8,3
253,7,4,91.9,109.2,565.5,8.0,21.4,38,2.7,0.0,1.52,8,4
254,6,3,91.6,138.1,621.7,6.3,18.9,41,3.1,0.0,10.34,8,4
255,2,5,87.5,77.0,694.8,5.0,22.3,46,4.0,0.0,0.0,8,4
256,8,6,94.2,117.2,581.1,11.0,23.9,41,2.2,0.0,8.02,8,6
257,4,3,94.2,117.2,581.1,11.0,21.4,44,2.7,0.0,0.68,8,6
258,3,4,91.8,170.9,692.3,13.7,20.6,59,0.9,0.0,0.0,8,6
259,7,4,91.8,170.9,692.3,13.7,23.7,40,1.8,0.0,1.38,8,6
260,2,4,93.6,97.9,542.0,14.4,28.3,32,4.0,0.0,8.85,8,1
261,3,4,91.6,112.4,573.0,8.9,11.2,84,7.6,0.0,3.3,8,5
262,2,4,91.6,112.4,573.0,8.9,21.4,42,3.1,0.0,4.25,8,5
263,6,3,91.1,141.1,629.1,7.1,19.3,39,3.6,0.0,1.56,8,5
264,4,4,94.3,167.6,684.4,13.0,21.8,53,3.1,0.0,6.54,8,5
265,4,4,93.7,102.2,550.3,14.6,22.1,54,7.6,0.0,0.79,8,2
266,6,5,94.3,131.7,607.1,22.7,19.4,55,4.0,0.0,0.17,8,2
267,2,2,92.1,152.6,658.2,14.3,23.7,24,3.1,0.0,0.0,8,2
268,3,4,92.1,152.6,658.2,14.3,21.0,32,3.1,0.0,0.0,8,2
269,4,4,92.1,152.6,658.2,14.3,19.1,53,2.7,0.0,4.4,8,2
270,2,2,92.1,152.6,658.2,14.3,21.8,56,3.1,0.0,0.52,8,2
271,8,6,92.1,152.6,658.2,14.3,20.1,58,4.5,0.0,9.27,8,2
272,2,5,92.1,152.6,658.2,14.3,20.2,47,4.0,0.0,3.09,8,2
273,4,6,84.4,27.2,353.5,6.8,4.8,57,8.5,0.0,8.98,12,7
274,8,6,84.0,27.8,354.6,5.3,5.1,61,8.0,0.0,11.19,12,3
275,4,6,84.6,26.4,352.0,2.0,5.1,61,4.9,0.0,5.38,12,4
276,4,4,85.4,25.4,349.7,2.6,4.6,21,8.5,0.0,17.85,12,1
277,3,4,85.4,25.4,349.7,2.6,4.6,21,8.5,0.0,10.73,12,1
278,4,4,85.4,25.4,349.7,2.6,4.6,21,8.5,0.0,22.03,12,1
279,4,4,85.4,25.4,349.7,2.6,4.6,21,8.5,0.0,9.77,12,1
280,4,6,84.7,26.7,352.6,4.1,2.2,59,4.9,0.0,9.27,12,5
281,6,5,85.4,25.4,349.7,2.6,5.1,24,8.5,0.0,24.77,12,2
282,6,3,84.9,27.5,353.5,3.4,4.2,51,4.0,0.0,0.0,2,7
283,3,4,86.9,6.6,18.7,3.2,8.8,35,3.1,0.0,1.1,2,3
284,5,4,85.2,4.9,15.8,6.3,7.5,46,8.0,0.0,24.24,2,5
285,2,5,93.9,169.7,411.8,12.3,23.4,40,6.3,0.0,0.0,7,7
286,7,6,91.2,183.1,437.7,12.5,12.6,90,7.6,0.2,0.0,7,3
287,7,4,91.6,104.2,474.9,9.0,22.1,49,2.7,0.0,0.0,7,6
288,7,4,91.6,104.2,474.9,9.0,24.2,32,1.8,0.0,0.0,7,6
289,7,4,91.6,104.2,474.9,9.0,24.3,30,1.8,0.0,0.0,7,6
290,2,5,91.6,104.2,474.9,9.0,18.7,53,1.8,0.0,0.0,7,6
291,9,4,91.6,104.2,474.9,9.0,25.3,39,0.9,0.0,8.0,7,6
292,4,5,91.6,100.2,466.3,6.3,22.9,40,1.3,0.0,2.64,7,5
293,7,6,93.1,180.4,430.8,11.0,26.9,28,5.4,0.0,86.45,7,2
294,8,6,92.3,88.8,440.9,8.5,17.1,67,3.6,0.0,6.57,7,2
295,7,5,93.1,180.4,430.8,11.0,22.2,48,1.3,0.0,0.0,6,7
296,6,4,90.4,89.5,290.8,6.4,14.3,46,1.8,0.0,0.9,6,7
297,8,6,90.4,89.5,290.8,6.4,15.4,45,2.2,0.0,0.0,6,7
298,8,6,91.2,147.8,377.2,12.7,19.6,43,4.9,0.0,0.0,6,3
299,6,5,53.4,71.0,233.8,0.4,10.6,90,2.7,0.0,0.0,6,6
300,6,5,90.4,93.3,298.1,7.5,20.7,25,4.9,0.0,0.0,6,1
301,6,5,90.4,93.3,298.1,7.5,19.1,39,5.4,0.0,3.52,6,1
302,3,6,91.1,94.1,232.1,7.1,19.2,38,4.5,0.0,0.0,6,5
303,3,6,91.1,94.1,232.1,7.1,19.2,38,4.5,0.0,0.0,6,5
304,6,5,85.1,28.0,113.8,3.5,11.3,94,4.9,0.0,0.0,5,6
305,1,4,89.6,84.1,714.3,5.7,19.0,52,2.2,0.0,0.0,9,7
306,7,4,89.6,84.1,714.3,5.7,17.1,53,5.4,0.0,0.41,9,7
307,3,4,89.6,84.1,714.3,5.7,23.8,35,3.6,0.0,5.18,9,7
308,2,4,92.4,105.8,758.1,9.9,16.0,45,1.8,0.0,0.0,9,7
309,2,4,92.4,105.8,758.1,9.9,24.9,27,2.2,0.0,0.0,9,7
310,7,4,92.4,105.8,758.1,9.9,25.3,27,2.7,0.0,0.0,9,7
311,6,3,92.4,105.8,758.1,9.9,24.8,28,1.8,0.0,14.29,9,7
312,2,4,50.4,46.2,706.6,0.4,12.2,78,6.3,0.0,0.0,9,7
313,6,5,92.6,115.4,777.1,8.8,24.3,27,4.9,0.0,0.0,9,3
314,4,4,92.6,115.4,777.1,8.8,19.7,41,1.8,0.0,1.58,9,3
315,3,4,91.2,134.7,817.5,7.2,18.5,30,2.7,0.0,0.0,9,3
316,4,5,92.4,96.2,739.4,8.6,18.6,24,5.8,0.0,0.0,9,4
317,4,4,92.4,96.2,739.4,8.6,19.2,24,4.9,0.0,3.78,9,4
318,6,5,92.8,119.0,783.5,7.5,21.6,27,2.2,0.0,0.0,9,4
319,5,4,92.8,119.0,783.5,7.5,21.6,28,6.3,0.0,4.41,9,4
320,6,3,92.8,119.0,783.5,7.5,18.9,34,7.2,0.0,34.36,9,4
321,1,4,92.8,119.0,783.5,7.5,16.8,28,4.0,0.0,7.21,9,4
322,6,5,92.8,119.0,783.5,7.5,16.8,28,4.0,0.0,1.01,9,4
323,3,5,90.7,136.9,822.8,6.8,12.9,39,2.7,0.0,2.18,9,4
324,6,5,88.1,53.3,726.9,5.4,13.7,56,1.8,0.0,4.42,9,4
325,1,4,92.2,102.3,751.5,8.4,24.2,27,3.1,0.0,0.0,9,6
326,5,4,92.2,102.3,751.5,8.4,24.1,27,3.1,0.0,0.0,9,6
327,6,5,92.2,102.3,751.5,8.4,21.2,32,2.2,0.0,0.0,9,6
328,6,5,92.2,102.3,751.5,8.4,19.7,35,1.8,0.0,0.0,9,6
329,4,3,92.2,102.3,751.5,8.4,23.5,27,4.0,0.0,3.33,9,6
330,3,3,92.2,102.3,751.5,8.4,24.2,27,3.1,0.0,6.58,9,6
331,7,4,91.2,124.4,795.3,8.5,21.5,28,4.5,0.0,15.64,9,6
332,4,4,91.2,124.4,795.3,8.5,17.1,41,2.2,0.0,11.22,9,6
333,1,4,92.1,87.7,721.1,9.5,18.1,54,3.1,0.0,2.13,9,1
334,2,3,91.6,108.4,764.0,6.2,18.0,51,5.4,0.0,0.0,9,1
335,4,3,91.6,108.4,764.0,6.2,9.8,86,1.8,0.0,0.0,9,1
336,7,4,91.6,108.4,764.0,6.2,19.3,44,2.2,0.0,0.0,9,1
337,6,3,91.6,108.4,764.0,6.2,23.0,34,2.2,0.0,56.04,9,1
338,8,6,91.6,108.4,764.0,6.2,22.7,35,2.2,0.0,7.48,9,1
339,2,4,91.6,108.4,764.0,6.2,20.4,41,1.8,0.0,1.47,9,1
340,2,5,91.6,108.4,764.0,6.2,19.3,44,2.2,0.0,3.93,9,1
341,8,6,91.9,111.7,770.3,6.5,15.7,51,2.2,0.0,0.0,9,1
342,6,3,91.5,130.1,807.1,7.5,20.6,37,1.8,0.0,0.0,9,1
343,8,6,91.5,130.1,807.1,7.5,15.9,51,4.5,0.0,2.18,9,1
344,6,3,91.5,130.1,807.1,7.5,12.2,66,4.9,0.0,6.1,9,1
345,2,2,91.5,130.1,807.1,7.5,16.8,43,3.1,0.0,5.83,9,1
346,1,4,91.5,130.1,807.1,7.5,21.3,35,2.2,0.0,28.19,9,1
347,5,4,92.1,99.0,745.3,9.6,10.1,75,3.6,0.0,0.0,9,5
348,3,4,92.1,99.0,745.3,9.6,17.4,57,4.5,0.0,0.0,9,5
349,5,4,92.1,99.0,745.3,9.6,12.8,64,3.6,0.0,1.64,9,5
350,5,4,92.1,99.0,745.3,9.6,10.1,75,3.6,0.0,3.71,9,5
351,4,4,92.1,99.0,745.3,9.6,15.4,53,6.3,0.0,7.31,9,5
352,7,4,92.1,99.0,745.3,9.6,20.6,43,3.6,0.0,2.03,9,5
353,7,4,92.1,99.0,745.3,9.6,19.8,47,2.7,0.0,1.72,9,5
354,7,4,92.1,99.0,745.3,9.6,18.7,50,2.2,0.0,5.97,9,5
355,4,4,92.1,99.0,745.3,9.6,20.8,35,4.9,0.0,13.06,9,5
356,4,4,92.1,99.0,745.3,9.6,20.8,35,4.9,0.0,1.26,9,5
357,6,3,92.5,122.0,789.7,10.2,15.9,55,3.6,0.0,0.0,9,5
358,6,3,92.5,122.0,789.7,10.2,19.7,39,2.7,0.0,0.0,9,5
359,1,4,92.5,122.0,789.7,10.2,21.1,39,2.2,0.0,8.12,9,5
360,6,5,92.5,122.0,789.7,10.2,18.4,42,2.2,0.0,1.09,9,5
361,4,3,92.5,122.0,789.7,10.2,17.3,45,4.0,0.0,3.94,9,5
362,7,4,88.2,55.2,732.3,11.6,15.2,64,3.1,0.0,0.52,9,5
363,4,3,91.9,111.7,770.3,6.5,15.9,53,2.2,0.0,2.93,9,2
364,6,5,91.9,111.7,770.3,6.5,21.1,35,2.7,0.0,5.65,9,2
365,6,5,91.9,111.7,770.3,6.5,19.6,45,3.1,0.0,20.03,9,2
366,4,5,91.1,132.3,812.1,12.5,15.9,38,5.4,0.0,1.75,9,2
367,4,5,91.1,132.3,812.1,12.5,16.4,27,3.6,0.0,0.0,9,2
368,6,5,91.2,94.3,744.4,8.4,16.8,47,4.9,0.0,12.64,9,6
369,4,5,91.0,276.3,825.1,7.1,13.8,77,7.6,0.0,0.0,9,7
370,7,4,91.0,276.3,825.1,7.1,13.8,77,7.6,0.0,11.06,9,7
371,3,4,91.9,133.6,520.5,8.0,14.2,58,4.0,0.0,0.0,7,3
372,4,5,92.0,203.2,664.5,8.1,10.4,75,0.9,0.0,0.0,8,7
373,5,4,94.8,222.4,698.6,13.9,20.3,42,2.7,0.0,0.0,8,4
374,6,5,90.3,290.0,855.3,7.4,10.3,78,4.0,0.0,18.3,9,5
375,6,5,91.2,94.3,744.4,8.4,15.4,57,4.9,0.0,39.35,9,6
376,8,6,92.1,207.0,672.6,8.2,21.1,54,2.2,0.0,0.0,8,1
377,2,2,93.7,231.1,715.1,8.4,21.9,42,2.2,0.0,174.63,8,6
378,6,5,90.9,18.9,30.6,8.0,8.7,51,5.8,0.0,0.0,3,4
379,4,5,18.7,1.1,171.4,0.0,5.2,100,0.9,0.0,0.0,1,7
380,5,4,93.7,101.3,458.8,11.9,19.3,39,7.2,0.0,7.73,7,3
381,8,6,90.7,194.1,643.0,6.8,16.2,63,2.7,0.0,16.33,8,4
382,8,6,95.2,217.7,690.0,18.0,28.2,29,1.8,0.0,5.86,8,3
383,9,6,91.6,248.4,753.8,6.3,20.5,58,2.7,0.0,42.87,8,4
384,8,4,91.6,273.8,819.1,7.7,21.3,44,4.5,0.0,12.18,8,6
385,2,4,91.6,181.3,613.0,7.6,20.9,50,2.2,0.0,16.0,8,7
386,3,4,90.5,96.7,750.5,11.4,20.6,55,5.4,0.0,24.59,9,7
387,5,5,90.9,18.9,30.6,8.0,11.6,48,5.4,0.0,0.0,3,4
388,6,4,94.8,227.0,706.7,12.0,23.3,34,3.1,0.0,28.74,8,5
389,7,4,94.8,227.0,706.7,12.0,23.3,34,3.1,0.0,0.0,8,5
390,7,4,84.7,9.5,58.3,4.1,7.5,71,6.3,0.0,9.96,2,1
391,8,6,91.1,91.3,738.1,7.2,20.7,46,2.7,0.0,30.18,9,5
392,1,3,91.0,276.3,825.1,7.1,21.9,43,4.0,0.0,70.76,9,7
393,2,4,93.4,15.0,25.6,11.4,15.2,19,7.6,0.0,0.0,3,2
394,6,5,84.1,4.6,46.7,2.2,5.3,68,1.8,0.0,0.0,2,1
395,4,5,85.0,9.0,56.9,3.5,10.1,62,1.8,0.0,51.78,2,7
396,4,3,90.5,96.7,750.5,11.4,20.4,55,4.9,0.0,3.64,9,7
397,5,6,91.6,181.3,613.0,7.6,24.3,33,3.6,0.0,3.63,8,7
398,1,2,93.7,231.1,715.1,8.4,25.9,32,3.1,0.0,0.0,8,6
399,9,5,93.3,49.5,297.7,14.0,28.0,34,4.5,0.0,0.0,6,3
400,9,5,93.3,49.5,297.7,14.0,28.0,34,4.5,0.0,8.16,6,3
401,3,4,91.1,88.2,731.7,8.3,22.8,46,4.0,0.0,4.95,9,4
402,9,9,94.8,227.0,706.7,12.0,25.0,36,4.0,0.0,0.0,8,5
403,8,6,90.7,194.1,643.0,6.8,21.3,41,3.6,0.0,0.0,8,4
404,2,4,87.9,84.8,725.1,3.7,21.8,34,2.2,0.0,6.04,9,3
405,2,2,94.6,212.1,680.9,9.5,27.9,27,2.2,0.0,0.0,8,2
406,6,5,87.1,291.3,860.6,4.0,17.0,67,4.9,0.0,3.95,9,6
407,4,5,84.7,8.2,55.0,2.9,14.2,46,4.0,0.0,0.0,2,6
408,4,3,90.3,290.0,855.3,7.4,19.9,44,3.1,0.0,7.8,9,5
409,1,4,92.3,96.2,450.2,12.1,23.4,31,5.4,0.0,0.0,7,2
410,6,3,84.1,7.3,52.8,2.7,14.7,42,2.7,0.0,0.0,2,5
411,7,4,84.6,3.2,43.6,3.3,8.2,53,9.4,0.0,4.62,2,5
412,9,4,92.3,92.1,442.1,9.8,22.8,27,4.5,0.0,1.63,7,1
413,7,5,93.7,231.1,715.1,8.4,26.4,33,3.6,0.0,0.0,8,6
414,5,4,93.6,235.1,723.1,10.1,24.1,50,4.0,0.0,0.0,8,7
415,8,6,94.8,222.4,698.6,13.9,27.5,27,4.9,0.0,746.28,8,4
416,6,3,92.7,164.1,575.8,8.9,26.3,39,3.1,0.0,7.02,7,2
417,6,5,93.4,17.3,28.3,9.9,13.8,24,5.8,0.0,0.0,3,3
418,2,4,92.0,203.2,664.5,8.1,24.9,42,5.4,0.0,2.44,8,7
419,2,5,91.6,181.3,613.0,7.6,24.8,36,4.0,0.0,3.05,8,7
420,8,8,91.7,191.4,635.9,7.8,26.2,36,4.5,0.0,185.76,8,3
421,2,4,95.2,217.7,690.0,18.0,30.8,19,4.5,0.0,0.0,8,3
422,8,6,88.9,263.1,795.9,5.2,29.3,27,3.6,0.0,6.3,7,7
423,1,3,91.2,94.3,744.4,8.4,22.3,48,4.0,0.0,0.72,9,6
424,8,6,93.7,231.1,715.1,8.4,26.9,31,3.6,0.0,4.96,8,6
425,2,2,91.6,248.4,753.8,6.3,20.4,56,2.2,0.0,0.0,8,4
426,8,6,91.6,248.4,753.8,6.3,20.4,56,2.2,0.0,0.0,8,4
427,2,4,92.1,207.0,672.6,8.2,27.9,33,2.2,0.0,2.35,8,1
428,1,3,94.8,222.4,698.6,13.9,26.2,34,5.8,0.0,0.0,8,4
429,3,4,91.6,181.3,613.0,7.6,24.6,44,4.0,0.0,3.2,8,7
430,7,4,89.7,287.2,849.3,6.8,19.4,45,3.6,0.0,0.0,9,4
431,1,3,92.1,178.0,605.3,9.6,23.3,40,4.0,0.0,6.36,8,6
432,8,6,94.8,222.4,698.6,13.9,23.9,38,6.7,0.0,0.0,8,4
433,2,4,93.6,235.1,723.1,10.1,20.9,66,4.9,0.0,15.34,8,7
434,1,4,90.6,269.8,811.2,5.5,22.2,45,3.6,0.0,0.0,8,5
435,2,5,90.8,84.7,376.6,5.6,23.8,51,1.8,0.0,0.0,7,6
436,8,6,92.1,207.0,672.6,8.2,26.8,35,1.3,0.0,0.54,8,1
437,8,6,89.4,253.6,768.4,9.7,14.2,73,2.7,0.0,0.0,8,6
438,2,5,93.7,231.1,715.1,8.4,23.6,53,4.0,0.0,6.43,8,6
439,1,3,91.1,91.3,738.1,7.2,19.1,46,2.2,0.0,0.33,9,5
440,5,4,90.3,290.0,855.3,7.4,16.2,58,3.6,0.0,0.0,9,5
441,8,6,92.1,207.0,672.6,8.2,25.5,29,1.8,0.0,1.23,8,1
442,6,5,87.9,24.9,41.6,3.7,10.9,64,3.1,0.0,3.35,4,1
443,1,2,90.7,80.9,368.3,16.8,14.8,78,8.0,0.0,0.0,7,5
444,2,5,90.3,290.0,855.3,7.4,16.2,58,3.6,0.0,9.96,9,5
445,5,5,94.0,47.9,100.7,10.7,17.3,80,4.5,0.0,0.0,8,7
446,6,5,92.0,203.2,664.5,8.1,19.1,70,2.2,0.0,0.0,8,7
447,3,4,93.4,17.3,28.3,9.9,8.9,35,8.0,0.0,0.0,3,3
448,7,4,89.7,284.9,844.0,10.1,10.5,77,4.0,0.0,0.0,9,3
449,7,4,91.6,181.3,613.0,7.6,19.3,61,4.9,0.0,0.0,8,7
450,4,5,95.2,217.7,690.0,18.0,23.4,49,5.4,0.0,6.43,8,3
451,1,4,90.5,196.8,649.9,16.3,11.8,88,4.9,0.0,9.71,8,5
452,7,4,91.5,238.2,730.6,7.5,17.7,65,4.0,0.0,0.0,8,1
453,4,5,89.4,266.2,803.3,5.6,17.4,54,3.1,0.0,0.0,8,4
454,3,4,91.6,248.4,753.8,6.3,16.8,56,3.1,0.0,0.0,8,4
455,3,4,94.6,160.0,567.2,16.7,17.9,48,2.7,0.0,0.0,7,1
456,2,4,91.6,248.4,753.8,6.3,16.6,59,2.7,0.0,0.0,8,4
457,1,4,91.7,191.4,635.9,7.8,19.9,50,4.0,0.0,82.75,8,3
458,8,6,93.7,231.1,715.1,8.4,18.9,64,4.9,0.0,3.32,8,6
459,7,4,91.6,273.8,819.1,7.7,15.5,72,8.0,0.0,1.94,8,6
460,2,5,93.7,231.1,715.1,8.4,18.9,64,4.9,0.0,0.0,8,6
461,8,6,93.7,231.1,715.1,8.4,18.9,64,4.9,0.0,0.0,8,6
462,1,4,91.0,276.3,825.1,7.1,14.5,76,7.6,0.0,3.71,9,7
463,6,5,75.1,4.4,16.2,1.9,4.6,82,6.3,0.0,5.39,2,2
464,6,4,75.1,4.4,16.2,1.9,5.1,77,5.4,0.0,2.14,2,2
465,2,2,79.5,3.6,15.3,1.8,4.6,59,0.9,0.0,6.84,2,6
466,6,5,87.2,15.1,36.9,7.1,10.2,45,5.8,0.0,3.18,3,1
467,3,4,90.2,18.5,41.1,7.3,11.2,41,5.4,0.0,5.55,3,3
468,6,5,91.3,20.6,43.5,8.5,13.3,27,3.6,0.0,6.61,3,4
469,6,3,91.0,14.6,25.6,12.3,13.7,33,9.4,0.0,61.13,4,7
470,5,4,91.0,14.6,25.6,12.3,17.6,27,5.8,0.0,0.0,4,7
471,4,3,89.6,25.4,73.7,5.7,18.0,40,4.0,0.0,38.48,5,5
472,8,3,88.2,96.2,229.0,4.7,14.3,79,4.0,0.0,1.94,6,1
473,9,4,90.5,61.1,252.6,9.4,24.5,50,3.1,0.0,70.32,6,6
474,4,3,93.0,103.8,316.7,10.8,26.4,35,2.7,0.0,10.08,6,4
475,2,5,93.7,121.7,350.2,18.0,22.7,40,9.4,0.0,3.19,6,4
476,4,3,93.5,85.3,395.0,9.9,27.2,28,1.3,0.0,1.76,7,4
477,4,3,93.7,101.3,423.4,14.7,26.1,45,4.0,0.0,7.36,7,7
478,7,4,93.7,101.3,423.4,14.7,18.2,82,4.5,0.0,2.21,7,7
479,7,4,89.2,103.9,431.6,6.4,22.6,57,4.9,0.0,278.53,7,1
480,9,9,93.2,114.4,560.0,9.5,30.2,25,4.5,0.0,2.75,7,4
481,4,3,93.2,114.4,560.0,9.5,30.2,22,4.9,0.0,0.0,7,4
482,3,4,94.9,130.3,587.1,14.1,23.4,40,5.8,0.0,1.29,8,7
483,8,6,94.9,130.3,587.1,14.1,31.0,27,5.4,0.0,0.0,8,7
484,2,5,94.9,130.3,587.1,14.1,33.1,25,4.0,0.0,26.43,8,7
485,2,4,95.0,135.5,596.3,21.3,30.6,28,3.6,0.0,2.07,8,1
486,5,4,95.1,141.3,605.8,17.7,24.1,43,6.3,0.0,2.0,8,2
487,5,4,95.1,141.3,605.8,17.7,26.4,34,3.6,0.0,16.4,8,2
488,4,4,95.1,141.3,605.8,17.7,19.4,71,7.6,0.0,46.7,8,2
489,4,4,95.1,141.3,605.8,17.7,20.6,58,1.3,0.0,0.0,8,3
490,4,4,95.1,141.3,605.8,17.7,28.7,33,4.0,0.0,0.0,8,3
491,4,4,95.8,152.0,624.1,13.8,32.4,21,4.5,0.0,0.0,8,4
492,1,3,95.9,158.0,633.6,11.3,32.4,27,2.2,0.0,0.0,8,5
493,1,3,95.9,158.0,633.6,11.3,27.5,29,4.5,0.0,43.32,8,5
494,6,6,96.0,164.0,643.0,14.0,30.8,30,4.9,0.0,8.59,8,6
495,6,6,96.2,175.5,661.8,16.8,23.9,42,2.2,0.0,0.0,8,1
496,4,5,96.2,175.5,661.8,16.8,32.6,26,3.1,0.0,2.77,8,1
497,3,4,96.1,181.1,671.2,14.3,32.3,27,2.2,0.0,14.68,8,2
498,6,5,96.1,181.1,671.2,14.3,33.3,26,2.7,0.0,40.54,8,2
499,7,5,96.1,181.1,671.2,14.3,27.3,63,4.9,6.4,10.82,8,2
500,8,6,96.1,181.1,671.2,14.3,21.6,65,4.9,0.8,0.0,8,2
501,7,5,96.1,181.1,671.2,14.3,21.6,65,4.9,0.8,0.0,8,2
502,4,4,96.1,181.1,671.2,14.3,20.7,69,4.9,0.4,0.0,8,2
503,2,4,94.5,139.4,689.1,20.0,29.2,30,4.9,0.0,1.95,8,3
504,4,3,94.5,139.4,689.1,20.0,28.9,29,4.9,0.0,49.59,8,3
505,1,2,91.0,163.2,744.4,10.1,26.7,35,1.8,0.0,5.8,8,4
506,1,2,91.0,166.9,752.6,7.1,18.5,73,8.5,0.0,0.0,8,5
507,2,4,91.0,166.9,752.6,7.1,25.9,41,3.6,0.0,0.0,8,5
508,1,2,91.0,166.9,752.6,7.1,25.9,41,3.6,0.0,0.0,8,5
509,5,4,91.0,166.9,752.6,7.1,21.1,71,7.6,1.4,2.17,8,5
510,6,5,91.0,166.9,752.6,7.1,18.2,62,5.4,0.0,0.43,8,5
511,8,6,81.6,56.7,665.6,1.9,27.8,35,2.7,0.0,0.0,8,7
512,4,3,81.6,56.7,665.6,1.9,27.8,32,2.7,0.0,6.44,8,7
513,2,4,81.6,56.7,665.6,1.9,21.9,71,5.8,0.0,54.29,8,7
514,7,4,81.6,56.7,665.6,1.9,21.2,70,6.7,0.0,11.16,8,7
515,1,4,94.4,146.0,614.7,11.3,25.6,42,4.0,0.0,0.0,8,6
516,6,3,79.5,3.0,106.7,1.1,11.8,31,4.5,0.0,0.0,11,2
